,id,name,comics_count
0,1010914,Captain America (House of M),3
1,1017295,Captain America (LEGO Marvel Super Heroes),0
2,1017327,Captain America (Marvel War of Heroes),0
3,1017575,Captain America (Sam Wilson),83
4,1010913,Captain America (Ultimate),75
5,1017105,Captain America/Steve Rogers (MAA),0
6,1009223,Captain Britain,181
7,1017856,Captain Britain (Betsy Braddock),35
8,1010915,Captain Britain (Ultimate),3
9,1011190,Captain Cross,0
10,1011196,Captain Flint,0
11,1010338,Captain Marvel (Carol Danvers),619
12,1011096,Captain Marvel (Genis-Vell),66
13,1009224,Captain Marvel (Mar-Vell),201
14,1011095,Captain Marvel (Monica Rambeau),38
15,1011097,Captain Marvel (Phyla-Vell),18
16,1011355,Captain Midlands,0
17,1009225,Captain Stacy,10
18,1011027,Captain Universe,24
19,1011052,Cardiac,10
20,1010143,Caretaker,4
21,1009226,Cargill,1
22,1011258,Carlie Cooper,69
23,1009688,Carmella Unuscione,11
24,1009227,Carnage,171
25,1010916,Carnage (Ultimate),7
26,1009261,Carol Danvers,31
27,1009344,Carol Hines,0
28,1011937,Carrion (Malcolm McBride),2
29,1009478,Cassandra Nova,14
30,1009230,Catseye,1
31,1009536,Cecilia Reyes,21
32,1010813,Celestials,26
33,1011039,Centennial,12
34,1011140,Centurions,0
35,1009231,Cerebro,7
36,1011141,Cerise,2
37,1009232,Ch'od,39
38,1009233,Chamber,57
39,1009234,Chameleon,43
40,1010756,Champions,47
41,1011015,Changeling,0
42,1009733,Charles Xavier,89
43,1011331,Charlie Campion,0
44,1012019,Charlie-27,31
45,1010754,Chase Stein,16
46,1011359,Chat,0
47,1009237,Chimera,6
48,1011411,Chores MacGillicudy,1
49,1011187,Christian Walker,2
50,1009238,Chronomancer,3
51,1012065,Chthon,4
52,1011270,ClanDestine,20
53,1009239,Clea,119
54,1014999,Clea (Ultimate),2
55,1010809,Clint Barton,34
56,1009241,Cloak,129
57,1010823,Cloud 9,20
58,1011286,Cobalt Man,4
59,1010676,Colleen Wing,88
60,1010798,Colonel America,0
61,1009243,Colossus,705
62,1010917,Colossus (Ultimate),64
63,1011410,Confederates of the Curious,1
64,1009245,Constrictor,34
65,1011407,Contessa (Vera Vidal),1
66,1010346,Controller,7
67,1009246,Cornelius,0
68,1009247,Corsair,32
69,1011353,Cosmo (dog),15
70,1011362,Cottonmouth,2
71,1009249,Count Nefaria,33
72,1009250,Countess,1
73,1011272,Crimson Crusader,0
74,1009251,Crimson Dynamo,40
75,1017323,Crimson Dynamo (Iron Man 3 - The Official Game),0
76,1011169,Crimson King,0
77,1009252,Crossbones,48
78,1009253,Crule,7
79,1009254,Crusher Hogan,3
80,1014991,Crusher Hogan (Ultimate),4
81,1009255,Crystal,124
82,1011268,Cuckoo,1
83,1009244,Curt Conners,18
84,1011174,Cuthbert,0
85,1009256,Cyber,21
86,1009257,Cyclops,989
87,1010918,Cyclops (Ultimate),67
88,1017473,Cyclops (X-Men: Battle of the Atom),0
89,1011385,Cypher,27
90,1011050,D'Ken Neramani,2
91,1009258,Dagger,131
92,1010774,Daily Bugle,3
93,1010719,Daimon Hellstrom,59
94,1011001,Daken,130
95,1011333,Dakota North,20
96,1009259,Damage Control,18
97,1009453,Dani Moonstar,77
98,1010776,Danny Rand,2
99,1009262,Daredevil,1252
100,1017577,Ms. Marvel (Kamala Khan),275
101,1011372,MS2,0
102,1011210,Mulholland Black,11
103,1011056,Multiple Man,59
104,1010826,MVP,4
105,1009464,Mysterio,93
106,1010951,Mysterio (Daniel Berkhart),0
107,1010952,Mysterio (Francis Klum),3
108,1009465,Mystique,206
109,1010953,Mystique (Age of Apocalypse),2
110,1010954,Mystique (House of M),1
111,1011129,Mystique (Ultimate),11
112,1013483,Nakia (Nakia),2
113,1009466,Namor,367
114,1009468,Namora,52
115,1009469,Namorita,67
116,1014978,Naoko,0
117,1009547,Natasha Romanoff,20
118,1010365,Nebula,33
119,1011302,Nehzno,0
120,1011422,Nekra,9
121,1011086,Nemesis,35
122,1010831,Network,0
123,1010815,New Goblin,0
124,1011336,New Mutants,306
125,1010683,New Warriors,114
126,1011271,New X-Men,46
127,1011269,Newton Destine,3
128,1011303,Next Avengers,1
129,1010685,Nextwave,13
130,1009471,Nick Fury,560
131,1017298,Nick Fury (LEGO Marvel Super Heroes),0
132,1011007,Nick Fury (Ultimate),85
133,1010746,Nico Minoru,29
134,1010706,Nicolaos,2
135,1011282,Night Nurse (Earth-9997),0
136,1014057,Night Nurse (Linda Carter),11
137,1010684,Night Thrasher,46
138,1014063,Night Thrasher (Dwayne Taylor),14
139,1009472,Nightcrawler,644
140,1011337,Nightcrawler (Ultimate),38
141,1010349,Nighthawk,59
142,1009473,Nightmare,67
143,1011124,Nightshade,3
144,1011409,Nine-Fold Daughters of Xao,1
145,1010797,Nitro,11
146,1009474,Nocturne,33
147,1009475,Nomad,24
148,1011427,Nomad (Rikki Barnes),20
149,1010955,Nomad (Steve Rogers),4
150,1009325,Norman Osborn,208
151,1010063,Norrin Radd,0
152,1009476,Northstar,108
153,1009477,Nova,197
154,1010956,Nova (Frankie Raye),8
155,1017078,Nova (Sam Alexander),116
156,1016837,Nova (USM),0
157,1010707,Nuke,12
158,1009620,Obadiah Stane,4
159,1009480,Odin,224
160,1009481,Ogun,7
161,1017840,Okoye,10
162,1010882,Old Lace,13
163,1017810,Old Man Logan (Earth-807128),157
164,1014160,Omega (Michael Pointer),1
165,1010757,Omega Flight,10
166,1009482,Omega Red,64
167,1011329,Omega Sentinel,2
168,1011123,Omega the Unknown,17
169,1009483,Onslaught,46
170,1011255,Onslaught (Ultimate),0
171,1009484,Oracle,20
172,1011202,Ord,11
173,1009485,Orphan,14
174,1010957,Orphan-Maker,24
175,1009479,Otto Octavius,12
176,1014198,Outlaw (Inez Temple),14
177,1011228,Outlaw Kid,3
178,1010332,Overlord,0
179,1011028,Owl,20
180,1009488,Ozymandias,15
181,1011150,Paibok,4
182,1010873,Paladin,25
183,1010708,Pandemic,2
184,1011321,Paper Doll,3
185,1010357,Patch,5
186,1009492,Patriot,81
187,1011351,Payback,0
188,1017857,Peggy Carter (Captain Carter),17
189,1014267,Penance (Monet St. Croix),17
190,1009493,Penance (Robert Baldwin),67
191,1009494,Pepper Potts,85
192,1009495,Pestilence,10
193,1011388,Pet Avengers,15
194,1010779,Pete Wisdom,23
195,1009491,Peter Parker,198
196,1010734,Peter Quill,8
197,1011021,Phalanx,4
198,1011419,Phantom Reporter,2
199,1017839,Phil Coulson (Phil Coulson),4
200,1009175,Beast,832
201,1010909,Beast (Earth-311),0
202,1010908,Beast (Ultimate),49
203,1009176,Becatron,0
204,1009177,Bedlam,8
205,1009178,Beef,1
206,1009179,Beetle (Abner Jenkins),20
207,1011793,Belasco,2
208,1009329,Ben Grimm,47
209,1009489,Ben Parker,21
210,1011346,Ben Reilly,22
211,1010782,Ben Urich,55
212,1010829,Bengal,9
213,1009180,Beta-Ray Bill,55
214,1011907,Bethany Cabe,24
215,1010325,Betty Brant,26
216,1009548,Betty Ross,70
217,1011138,Beyonder,23
218,1011296,Bi-Beast,0
219,1010843,Big Bertha,7
220,1009181,Big Wheel,2
221,1011262,Bill Hollister,0
222,1009182,Bishop,320
223,1011224,Bishop (Ultimate),1
224,1009183,Black Bird,0
225,1009184,Black Bolt,163
226,1017330,Black Bolt (Marvel War of Heroes),0
227,1009185,Black Cat,230
228,1010910,Black Cat (Ultimate),5
229,1010859,Black Crow,1
230,1011809,Black Knight (Dane Whitman),85
231,1009186,Black Knight (Sir Percy of Scandia),107
232,1009187,Black Panther,752
233,1017838,Black Panther (Shuri),61
234,1011130,Black Panther (Ultimate),8
235,1010356,Black Queen,2
236,1010687,Black Tarantula,23
237,1009188,Black Tom,16
238,1009189,Black Widow,617
239,1017296,Black Widow (LEGO Marvel Super Heroes),0
240,1010911,Black Widow (Ultimate),18
241,1011498,Black Widow (Yelena Belova),15
242,1017109,Black Widow/Natasha Romanoff (MAA),1
243,1009190,Blackheart,12
244,1010881,Blacklash,5
245,1011349,Blackout,5
246,1009191,Blade,134
247,1009195,Blastaar,36
248,1010830,Blazing Skull,3
249,1011291,Blindfold,25
250,1011836,Bling!,15
251,1009197,Blink,63
252,1009198,Blizzard,14
253,1009199,Blob,77
254,1011132,Blob (Ultimate),14
255,1009200,Blockbuster,12
256,1009201,Blok,6
257,1009202,Bloke,3
258,1011416,Blonde Phantom,18
259,1011073,Bloodaxe,5
260,1009203,Bloodscream,5
261,1009204,Bloodstorm,23
262,1010850,Bloodstrike,0
263,1011113,Blue Blade,1
264,1011339,Blue Marvel,37
265,1011264,Blue Shield,1
266,1010688,Blur,3
267,1011119,"Bob, Agent of Hydra",7
268,1010366,Boom Boom,75
269,1009205,Boomer,62
270,1010371,Boomerang,45
271,1009206,Box,7
272,1011236,Bride of Nine Spiders (Immortal Weapons),10
273,1014981,Bromley,0
274,1009208,Brood,56
275,1011090,Brother Voodoo,11
276,1009209,Brotherhood of Evil Mutants,36
277,1014973,Brotherhood of Mutants (Ultimate),13
278,1009167,Bruce Banner,127
279,1009210,Brute,10
280,1009211,Bucky,85
281,1011038,Bug,3
282,1010887,Bulldozer,7
283,1009212,Bullseye,131
284,1009213,Bushwacker,12
285,1011101,Butterfly,8
286,1009214,Cable,451
287,1017317,Cable (Deadpool),39
288,1017307,Cable (Marvel: Avengers Alliance),0
289,1011252,Cable (Ultimate),2
290,1017472,Cable (X-Men: Battle of the Atom),0
291,1011209,Calamity,11
292,1009216,Caliban,73
293,1009217,Callisto,38
294,1010912,Callisto (Age of Apocalypse),1
295,1009218,Calypso,6
296,1011139,Cammi,4
297,1009219,Cannonball,296
298,1011276,Cap'n Oz,0
299,1009220,Captain America,2507
300,1011334,3-D Man,12
301,1017100,A-Bomb (HAS),4
302,1009144,A.I.M.,53
303,1010699,Aaron Stack,14
304,1009146,Abomination (Emil Blonsky),58
305,1016823,Abomination (Ultimate),2
306,1009148,Absorbing Man,99
307,1009149,Abyss,8
308,1010903,Abyss (Age of Apocalypse),3
309,1011266,Adam Destine,0
310,1010354,Adam Warlock,201
311,1010846,Aegis (Trey Rollins),0
312,1017851,Aero (Aero),29
313,1012717,Agatha Harkness,23
314,1011297,Agent Brand,30
315,1011031,Agent X (Nijo),18
316,1009150,Agent Zero,29
317,1011198,Agents of Atlas,45
318,1011175,Aginar,0
319,1011136,Air-Walker (Gabriel Lan),4
320,1011176,Ajak,4
321,1010870,Ajaxis,0
322,1011194,Akemi,0
323,1011170,Alain,0
324,1009240,Albert Cleary,0
325,1011120,Albion,1
326,1010836,Alex Power,18
327,1010755,Alex Wilder,9
328,1011214,Alexa Mendez,0
329,1009497,Alexander Pierce,1
330,1014990,Alice,0
331,1009435,Alicia Masters,71
332,1010370,Alpha Flight,215
333,1011324,Alpha Flight (Ultimate),2
334,1011164,Alvin Maker,0
335,1011227,Amadeus Cho,150
336,1009567,Amanda Sefton,0
337,1011382,Amazoness,0
338,1011361,American Eagle (Jason Strongbow),6
339,1009151,Amiko,12
340,1010672,Amora,13
341,1010673,Amphibian (Earth-712),4
342,1010905,Amun,0
343,1009152,Ancient One,30
344,1016824,Ancient One (Ultimate),2
345,1011684,Angel (Angel Salvadore),5
346,1011396,Angel (Thomas Halloway),10
347,1011338,Angel (Ultimate),19
348,1009153,Angel (Warren Worthington III),116
349,1017574,Angela (Aldrif Odinsdottir),37
350,1010674,Anita Blake,9
351,1009346,Anne Marie Hoag,0
352,1009154,Annihilus,66
353,1011301,Anole,5
354,1010802,Ant-Man (Eric O'Grady),45
355,1009155,Ant-Man (Hank Pym),42
356,1010801,Ant-Man (Scott Lang),137
357,1011208,Anthem,11
358,1009156,Apocalypse,130
359,1011253,Apocalypse (Ultimate),3
360,1010866,Aqueduct,0
361,1010773,Arachne,6
362,1017438,Ara√±a,27
363,1009158,Arcade,35
364,1010686,Arcana,2
365,1009159,Archangel,563
366,1009160,Arclight,14
367,1010784,Ares,64
368,1011275,Argent,0
369,1011012,Armadillo,1
370,1011298,Armor (Hisako Ichiki),29
371,1010827,Armory,1
372,1009740,Arnim Zola,23
373,1010748,Arsenic,0
374,1009161,Artiee,0
375,1010718,Asgardian,0
376,1009162,Askew-Tronics,0
377,1010835,Asylum,0
378,1010336,Atlas (Team),8
379,1011758,Attuma,49
380,1009163,Aurora,84
381,1009164,Avalanche,47
382,1009165,Avengers,2230
383,1015239,Avengers (Ultimate),39
384,1011766,Azazel (Mutant),6
385,1011456,Balder,99
386,1009168,Banshee,189
387,1009596,Banshee (Theresa Rourke),156
388,1011778,Baron Mordo (Karl Mordo),19
389,1009169,Baron Strucker,46
390,1009170,Baron Zemo (Heinrich Zemo),38
391,1010906,Baron Zemo (Helmut Zemo),33
392,1011137,Baroness S'Bak,1
393,1011354,Barracuda,4
394,1009550,Bart Rozum,2
395,1009171,Bastion,37
396,1009172,Batroc the Leaper,31
397,1009173,Battering Ram,2
398,1011785,Battlestar,9
399,1009174,Beak,17
400,1015018,Marcus Van Sciver,0
401,1011335,Maria Hill,111
402,1009735,Mariko Yashida,24
403,1009425,Marrow,93
404,1011173,Marten Broadcloak,0
405,1011263,Martin Li,0
406,1011350,Marvel Apes,9
407,1009427,Marvel Boy,50
408,1011002,Marvel Zombies,34
409,1011495,Marvelman,13
410,1011417,Marvex,1
411,1009708,Mary Jane Watson,430
412,1010993,Mary Jane Watson (House of M),2
413,1011203,Mary Jane Watson (Ultimate),45
414,1010869,Masked Marvel (Unrevealed),3
415,1010367,Masque,35
416,1010732,Master Chief,6
417,1009433,Master Mold,9
418,1009434,Mastermind,46
419,1011279,Masters of Evil,24
420,1010877,Mathemanic,0
421,1009677,Matsu'o Tsurayaba,0
422,1009463,Matthew Murdock,28
423,1010793,Mattie Franklin,0
424,1009436,Mauler,5
425,1010947,Maverick (Chris Bradley),5
426,1009437,Maverick (Christoph Nord),10
427,1011305,Maximus,28
428,1009490,May Parker,169
429,1009438,Medusa,166
430,1011399,Meggan,22
431,1009439,Meltdown,70
432,1011241,Menace,40
433,1011099,Mentallo,3
434,1011184,Mentor,2
435,1009440,Mephisto,122
436,1009441,Mephistopheles,0
437,1010681,Mercury,20
438,1009442,Mesmero,35
439,1009443,Metal Master,0
440,1010361,Meteorite,1
441,1011340,MI: 13,0
442,1009444,Micro/Macro,0
443,1010690,Microbe,6
444,1011134,Microchip,12
445,1010871,Micromax,6
446,1010891,Midnight (Earth-811),0
447,1010924,Miek,3
448,1009530,Mikhail Rasputin,11
449,1011192,Millenium Guard,0
450,1010894,Millie the Model,32
451,1009445,Mimic,36
452,1011204,Mindworm,1
453,1013727,Miracleman,6
454,1011424,Miss America,52
455,1009446,Mister Fear,4
456,1009447,Mister Sinister,119
457,1017318,Mister Sinister (Deadpool),0
458,1010948,Mister Sinister (House of M),0
459,1011254,Mister Sinister (Ultimate),3
460,1010682,Misty Knight,185
461,1011220,Mockingbird,91
462,1009410,Moira MacTaggert,40
463,1010941,Moira MacTaggert (Ultimate),2
464,1009448,Mojo,54
465,1009449,Mole Man,70
466,1011019,Molecule Man,9
467,1010691,Molly Hayes,17
468,1009541,Molly Von Richtofen,2
469,1011370,Molten Man,7
470,1010876,Mongoose,2
471,1009450,Mongu (Unrevealed),0
472,1010331,Monster Badoon,2
473,1017814,Moon Girl (Lunella Layfayette),109
474,1009452,Moon Knight,391
475,1010949,Moon Knight (House of M),1
476,1014998,Moon Knight (Ultimate),8
477,1009451,Moondragon,80
478,1010362,Moonstone,38
479,1009454,Morbius,109
480,1010902,Mordo,1
481,1009455,Morg,6
482,1013190,Morgan Le Fay,15
483,1009623,Morgan Stark,4
484,1011008,Morlocks,10
485,1011088,Morlun,13
486,1009456,Morph,21
487,1009457,Mother Askani,9
488,1009458,Mr. Bumpo,0
489,1009459,Mr. Fantastic,597
490,1010950,Mr. Fantastic (Ultimate),52
491,1010900,Mr. Fish,1
492,1009460,Mr. Fixit,26
493,1010347,Mr. Hyde,34
494,1010840,Mr. Immortal,6
495,1014984,Mr. Meugniot,0
496,1011244,Mr. Negative,28
497,1009461,Mr. Payback,0
498,1009462,Mr. X,8
499,1017824,Ms. America (America Chavez),79
500,1010981,Sunfire (Age of Apocalypse),7
501,1009637,Sunset Bain,9
502,1009638,Sunspot,208
503,1015280,Super Hero Squad,16
504,1011022,Super-Adaptoid,12
505,1009639,Super-Skrull,32
506,1011232,Supernaut,11
507,1011160,Supreme Intelligence,15
508,1010695,Surge,27
509,1011477,Surtur,15
510,1011172,Susan Delgado,0
511,1011075,Swarm,2
512,1011017,Sway,1
513,1009640,Switch,8
514,1017852,Sword Master (Sword Master),26
515,1009641,Swordsman,62
516,1010982,Swordsman (Jacques Duquesne),4
517,1009642,Sym,2
518,1009643,Synch,21
519,1009644,T'Challa,8
520,1011042,Tag,10
521,1009646,Talisman (Elizabeth Twoyoungmen),10
522,1010753,Talkback (Chase Stein),6
523,1011395,Talon (Fraternity of Raptors),1
524,1011161,Talos,1
525,1011149,Tana Nile,6
526,1010713,Tarantula (Luis Alvarez),6
527,1011854,Tarantula (Maria Vasquez),2
528,1009647,Tarot,5
529,1009648,Taskmaster,111
530,1011115,Tattoo,0
531,1011896,Taurus (Cornelius van Lunt),1
532,1013504,Technarchy,0
533,1011000,Ted Forrester,0
534,1009650,Tempest,23
535,1011162,Tenebrous,2
536,1009651,Terrax,28
537,1011034,Terror,13
538,1010819,Texas Twister,3
539,1011003,Thaddeus Ross,12
540,1009652,Thanos,293
541,1015004,Thanos (Ultimate),5
542,1011083,The 198,0
543,1009653,The Anarchist,2
544,1009654,The Call,0
545,1010714,The Captain,0
546,1012080,The Collector (Taneleer Tivan),23
547,1011294,The Enforcers,2
548,1010728,The Executioner,0
549,1009655,The Fallen,0
550,1011219,The Fury,1
551,1010359,The Hand,42
552,1010715,The Hood,40
553,1011295,The Howling Commandos,4
554,1014986,The Hunter,0
555,1010998,The Initiative,18
556,1017103,The Leader (HAS),0
557,1011216,The Liberteens,1
558,1011215,The Liberty Legion,0
559,1011018,The Order,18
560,1009656,The Phantom,0
561,1009657,The Professor,6
562,1011211,The Renegades,2
563,1011110,The Santerians,0
564,1009658,The Shiver Man,0
565,1009659,The Spike,0
566,1009660,The Stranger,11
567,1011112,The Twelve,13
568,1009661,The Watchers,17
569,1011181,Thena,19
570,1009662,Thing,962
571,1017313,Thing (Marvel Heroes),0
572,1010983,Thing (Ultimate),49
573,1009664,Thor,1879
574,1017576,Thor (Goddess of Thunder),58
575,1017106,Thor (MAA),0
576,1017315,Thor (Marvel Heroes),0
577,1017328,Thor (Marvel War of Heroes),0
578,1017302,Thor (Marvel: Avengers Alliance),0
579,1011025,Thor (Ultimate),54
580,1010820,Thor Girl,16
581,1010885,Thunderball,14
582,1009666,Thunderbird (John Proudstar),33
583,1009667,Thunderbird (Neal Shaara),36
584,1009668,Thunderbolt (Bill Carver),1
585,1014812,Thunderbolt Ross,18
586,1010360,Thunderbolts,290
587,1011304,Thundra,16
588,1009669,Tiger Shark,25
589,1011237,Tiger's Beautiful Daughter,9
590,1009670,Tigra (Greer Nelson),138
591,1010857,Timeslip,0
592,1011345,Tinkerer,16
593,1011960,Tippy Toe,7
594,1010669,Titania,48
595,1009672,Titanium Man (Topolov),30
596,1009673,Toad,52
597,1009674,Toad Men,2
598,1011166,Tomas,0
599,1009675,Tombstone,52
600,1010769,Rocket Racer,1
601,1010692,Rockslide,28
602,1009546,Rogue,657
603,1010967,Rogue (Age of Apocalypse),9
604,1017319,Rogue (Deadpool),0
605,1010966,Rogue (Ultimate),36
606,1017478,Rogue (X-Men: Battle of the Atom),0
607,1010781,Roland Deschain,10
608,1011398,Romulus,23
609,1010344,Ronan,58
610,1010710,Ronin,16
611,1011117,Roughhouse,7
612,1009549,Roulette,1
613,1009595,Roxanne Simpson,0
614,1009311,Rumiko Fujikawa,8
615,1010747,Runaways,141
616,1009551,Russian,0
617,1009552,S.H.I.E.L.D.,176
618,1009553,Sabra,21
619,1009554,Sabretooth,317
620,1010969,Sabretooth (Age of Apocalypse),21
621,1010970,Sabretooth (House of M),1
622,1010968,Sabretooth (Ultimate),23
623,1009555,Sage,43
624,1011325,Salem's Seven (Ultimate),4
625,1011126,Sally Floyd,7
626,1011156,Salo,1
627,1009558,Sandman,122
628,1010711,Santa Claus,2
629,1009559,Saracen (Muzzafar Lambert),0
630,1009560,Sasquatch (Walter Langkowski),96
631,1011035,Satana,35
632,1009561,Sauron,63
633,1011048,Scalphunter,26
634,1010861,Scarecrow (Ebenezer Laughton),15
635,1011197,Scarlet Spider (Ben Reilly),78
636,1011426,Scarlet Spider (Kaine),83
637,1009562,Scarlet Witch,570
638,1010972,Scarlet Witch (Age of Apocalypse),0
639,1017308,Scarlet Witch (Marvel Heroes),0
640,1010971,Scarlet Witch (Ultimate),29
641,1010790,Scorpion (Carmilla Black),9
642,1009563,Scorpion (Mac Gargan),37
643,1011079,Scorpion (Ultimate),1
644,1009565,Scourge,8
645,1011230,Scrambler,2
646,1009566,Scream (Donna Diego),10
647,1011242,Screwball,9
648,1009581,Sebastian Shaw,41
649,1011368,Secret Warriors,43
650,1009568,Selene,27
651,1009569,Senator Kelly,1
652,1009570,Sentinel,65
653,1011323,Sentinels,60
654,1009571,Sentry (Robert Reynolds),112
655,1011167,Ser Duncan,1
656,1009572,Serpent Society,10
657,1010345,Sersi,57
658,1009573,Shadow King,26
659,1010973,Shadow King (Age of Apocalypse),2
660,1009574,Shadowcat,15
661,1010975,Shadowcat (Age of Apocalypse),10
662,1010974,Shadowcat (Ultimate),9
663,1011406,Shadu the Shady,1
664,1009575,Shalla-bal,11
665,1009576,Shaman,48
666,1014979,Shane Yamada-Jones,0
667,1009577,Shang-Chi,263
668,1015001,Shang-Chi (Ultimate),8
669,1009578,Shanna the She-Devil,75
670,1010712,Shape,5
671,1009579,Shard,28
672,1009228,Sharon Carter,124
673,1010895,Sharon Ventura,9
674,1009580,Shatterstar,136
675,1017111,She-Hulk (HAS),1
676,1009583,She-Hulk (Jennifer Walters),530
677,1011392,She-Hulk (Lyra),24
678,1017331,She-Hulk (Marvel War of Heroes),0
679,1011393,She-Hulk (Ultimate),2
680,1015035,Shen,0
681,1011168,Sheva Callister,0
682,1011093,Shi'Ar,18
683,1011381,Shinko Yamashiro,0
684,1009582,Shinobi Shaw,5
685,1009584,Shiva,6
686,1011394,Shiver Man,1
687,1009585,Shocker (Herman Schultz),37
688,1010858,Shockwave,5
689,1010824,Shooting Star,1
690,1009586,Shotgun,4
691,1009587,Shriek,7
692,1009588,Sif,173
693,1010848,Silhouette,5
694,1017815,Silk (Cindy Moon),88
695,1010856,Silk Fever,0
696,1010339,Silver Centurion,0
697,1009589,Silver Fox,14
698,1009590,Silver Sable,79
699,1009591,Silver Samurai,39
700,1010328,Tomorrow Man,11
701,1009624,Tony Stark,48
702,1011309,Toro (Thomas Raymond),33
703,1009676,Toxin,10
704,1009692,Toxin (Eddie Brock),68
705,1010822,Trauma,19
706,1011978,Trevor Fitzroy,3
707,1010825,Triathlon,41
708,1009671,Trish Tilby,0
709,1010335,Triton,65
710,1011352,True Believers,5
711,1011047,Turbo,8
712,1009678,Tusk,6
713,1010852,Two-Gun Kid,135
714,1009679,Tyger Tiger,6
715,1010369,Typhoid Mary,49
716,1009680,Tyrannus,14
717,1011315,U-Foes,5
718,1009681,U-Go Girl,14
719,1009682,U.S. Agent,72
720,1009683,Uatu The Watcher,78
721,1010358,Ulik,46
722,1016825,Ultimate Spider-Man (USM),21
723,1010803,Ultimates,133
724,1009684,Ultimatum,17
725,1011311,Ultimo,7
726,1011125,Ultra-Adaptoid,1
727,1010847,Ultragirl (Earth-93060),1
728,1009685,Ultron,118
729,1009686,Umar,21
730,1010862,Unicorn,7
731,1010985,Union Jack (Brian Falsworth),4
732,1010696,Union Jack (Joseph Chapman),26
733,1010984,Union Jack (Montgomery Falsworth),19
734,1009687,Unus,12
735,1010987,Unus (Age of Apocalypse),1
736,1010988,Unus (House of M),0
737,1010986,Unus (Ultimate),0
738,1009525,Valeria Richards,80
739,1017841,Valkyrie (Exiles),12
740,1010350,Valkyrie (Samantha Parrington),17
741,1011239,Valkyrie (Ultimate),9
742,1011182,Vampiro,0
743,1011342,Vance Astro,31
744,1010989,Vanisher (Age of Apocalypse),0
745,1011365,Vanisher (Telford Porter),12
746,1009689,Vanisher (Ultimate),3
747,1011316,Vapor,0
748,1009690,Vargas,15
749,1010872,Vector,0
750,1011231,Veda,11
751,1009691,Vengeance (Michael Badilino),37
752,1009663,Venom (Flash Thompson),120
753,1010788,Venom (Mac Gargan),24
754,1011128,Venom (Ultimate),8
755,1011106,Venus (Siren),8
756,1009693,Venus Dee Milo,10
757,1010353,Vermin (Edward Whelan),15
758,1009694,Vertigo (Savage Land Mutate),28
759,1011066,Victor Mancha,9
760,1010324,Victor Von Doom,39
761,1011261,Vin Gonzales,4
762,1009695,Vindicator,30
763,1010666,Violations,0
764,1009696,Viper,49
765,1010697,Virginia Dare,7
766,1009697,Vision,568
767,1009698,Vivisector,16
768,1011011,Vulcan (Gabriel Summers),25
769,1009699,Vulture (Adrian Toomes),102
770,1010990,Vulture (Blackie Drago),1
771,1010849,Wallflower,10
772,1011267,Wallop,0
773,1009700,Wallow,0
774,1009701,War (Abraham Kieros),13
775,1017322,War Machine (Iron Man 3 - The Official Game),0
776,1017834,War Machine (James Rhodes),112
777,1017304,War Machine (Marvel: Avengers Alliance),0
778,1010991,War Machine (Parnell Jacobs),1
779,1011226,War Machine (Ultimate),3
780,1009703,Warbird,32
781,1011121,Warbound,5
782,1010372,Warhawk (Mitchell Tanner),8
783,1009704,Warlock (Janie Chin),0
784,1011287,Warlock (Technarchy),29
785,1009705,Warpath,217
786,1010668,Warren Worthington III,6
787,1009706,Warstar,9
788,1009707,Wasp,431
789,1010992,Wasp (Ultimate),28
790,1017853,Wave (Wave),16
791,1011133,Weapon Omega,9
792,1009709,Weapon X,47
793,1011402,Wendell Rand,6
794,1010742,Wendell Vaughn,0
795,1009710,Wendigo,22
796,1010765,Werewolf By Night,95
797,1011588,Whiplash (Anton Vanko),5
798,1009711,Whiplash (Mark Scarlotti),12
799,1010348,Whirlwind,33
800,1010342,Whistler,0
801,1009712,White Queen (Adrienne Frost),0
802,1010853,White Tiger (Angela Del Toro),51
803,1016838,White Tiger (USM),0
804,1011425,Whizzer (Stanley Stewart),2
805,1009714,Wiccan,79
806,1009715,Wild Child,49
807,1010994,Wild Child (Age of Apocalypse),8
808,1011067,Wild Pack,8
809,1009716,Wildside,19
810,1009633,William Stryker,11
811,1010680,Wilson Fisk,0
812,1011009,Wind Dancer,15
813,1010740,Winter Soldier,225
814,1011043,Wither,12
815,1011290,Wolf Cub,0
816,1011281,Wolfpack,14
817,1009717,Wolfsbane,137
818,1010995,Wolfsbane (Age of Apocalypse),1
819,1010729,Wolver-dok,0
820,1009718,Wolverine,2649
821,1017297,Wolverine (LEGO Marvel Super Heroes),0
822,1017325,Wolverine (Marvel War of Heroes),0
823,1011006,Wolverine (Ultimate),98
824,1017479,Wolverine (X-Men: Battle of the Atom),0
825,1009719,Wonder Man,266
826,1009720,Wong,106
827,1015005,Wong (Ultimate),3
828,1010737,Wraith,15
829,1010884,Wrecker,12
830,1010883,Wrecking Crew,15
831,1009722,X-23,260
832,1010804,X-51,0
833,1011418,X-Babies,14
834,1009723,X-Cutioner,4
835,1010738,X-Factor,216
836,1010739,X-Factor Investigations,14
837,1009724,X-Force,349
838,1009725,X-Man,111
839,1009726,X-Men,3936
840,1011109,X-Men (Ultimate),188
841,1010875,X-Ray (James Darnell),0
842,1010806,X-Statix,46
843,1009732,X.S.E.,0
844,1011094,Xavin,8
845,1009734,Xorn (Kuan-Yin Xorn),22
846,1009736,Yellow Claw,22
847,1009737,Yellowjacket (Hank Pym),90
848,1010996,Yellowjacket (Rita DeMara),9
849,1011542,Yondu,50
850,1010698,Young Avengers,81
851,1011277,Young X-Men,18
852,1009738,Zaladane,15
853,1010841,Zaran,22
854,1010716,Zarda,3
855,1011163,Zarek,0
856,1009739,Zeigeist,0
857,1010780,Zemo,15
858,1011515,Zeus,36
859,1011127,Zodiak,1
860,1009741,Zombie (Simon Garth),1
861,1011183,Zuras,3
862,1009742,Zzzax,5
863,1017292,Daredevil (LEGO Marvel Super Heroes),0
864,1017312,Daredevil (Marvel Heroes),0
865,1010919,Daredevil (Ultimate),22
866,1011306,Dargo Ktor,1
867,1011367,Dark Avengers,79
868,1010907,Dark Beast,10
869,1009265,Dark Phoenix,21
870,1011387,Dark X-Men,15
871,1011020,Darkhawk,56
872,1009266,Darkstar,24
873,1011016,Darwin,12
874,1009267,Dazzler,219
875,1010920,Dazzler (Ultimate),16
876,1010341,Deacon Frost,1
877,1011087,Dead Girl,9
878,1009268,Deadpool,914
879,1017316,Deadpool (Deadpool),0
880,1017336,Deadpool (LEGO Marvel Super Heroes),0
881,1017474,Deadpool (X-Men: Battle of the Atom),0
882,1009269,Death,29
883,1009270,Deathbird,36
884,1011037,Deathcry,8
885,1010890,Deathlok,104
886,1014997,Deathstrike (Ultimate),1
887,1009713,Debra Whitman,1
888,1010717,Debrii,9
889,1011188,Deena Pilgrim,3
890,1011023,Defenders,215
891,1011071,Demogoblin,10
892,1009271,Destiny,49
893,1009272,Detective Soap,3
894,1011107,Deviants,10
895,1017583,Devil Dinosaur (Devil Dinosaur),103
896,1017102,Devil Dinosaur (HAS),0
897,1011142,Devos,4
898,1011260,Dexter Bennett,3
899,1009273,Diablo,28
900,1009274,Diamondback (Rachel Leighton),54
901,1011040,Dinah Soar,3
902,1010997,Dirk Anger,0
903,1009275,Doc Samson,111
904,1009281,Doctor Doom,489
905,1011103,Doctor Doom (Ultimate),12
906,1011206,Doctor Faustus,9
907,1009276,Doctor Octopus,183
908,1010921,Doctor Octopus (Ultimate),15
909,1010689,Doctor Spectrum,21
910,1009282,Doctor Strange,933
911,1011358,Doctor Strange (Ultimate),11
912,1011500,Doctor Voodoo,48
913,1011235,Dog Brother #1,9
914,1009277,Domino,286
915,1010330,Donald Blake,15
916,1009278,Doomsday Man,3
917,1009279,Doop,39
918,1010879,Doorman,5
919,1017835,Dora Milaje,37
920,1011195,Dorian Gray,0
921,1009280,Dormammu,55
922,1014992,Dormammu (Ultimate),3
923,1017300,Dr. Strange (Marvel: Avengers Alliance),0
924,1010677,Dracula,122
925,1011247,Dragon Lord,4
926,1009283,Dragon Man,37
927,1010735,Drax,80
928,1010368,Dreadnoughts,5
929,1015007,Dreaming Celestial,3
930,1011322,Druig,4
931,1009284,Dum Dum Dugan,67
932,1009285,Dust,25
933,1009286,Earthquake,7
934,1010785,Echo,54
935,1010787,Eddie Brock,234
936,1009396,Eddie Lau,0
937,1010999,"Edward ""Ted"" Forrester",0
938,1011072,Edwin Jarvis,106
939,1011060,Ego,17
940,1009287,Electro,87
941,1010922,Electro (Ultimate),7
942,1009288,Elektra,241
943,1010923,Elektra (Ultimate),11
944,1010355,Elements of Doom,1
945,1009290,Elite,1
946,1011082,Elixir,28
947,1011122,Elloe Kaifi,3
948,1010701,Elsa Bloodstone,47
949,1009310,Emma Frost,441
950,1009291,Empath,30
951,1009292,Emplate,15
952,1010671,Enchantress (Amora),27
953,1011432,Enchantress (Sylvie Lushton),2
954,1011313,Ender Wiggin,5
955,1010445,Energizer,10
956,1011065,Epoch,0
957,1009293,Erik the Red,6
958,1010807,Eternals,98
959,1011061,Eternity,20
960,1010771,Excalibur,224
961,1012378,Executioner (Skurge),4
962,1009294,Exiles,146
963,1010976,Silver Samurai (Age of Apocalypse),13
964,1009592,Silver Surfer,561
965,1010864,Silverclaw,21
966,1009594,Silvermane,18
967,1010898,Sin,56
968,1011265,Sinister Six,34
969,1014975,Sir Ram,0
970,1010834,Siren (Earth-93060),0
971,1010745,Sister Grimm,7
972,1011223,Skaar,82
973,1017101,Skaar (HAS),1
974,1009598,Skin,12
975,1011157,Skreet,5
976,1009599,Skrulls,156
977,1015002,Skrulls (Ultimate),2
978,1009600,Skullbuster (Cylla Markham),3
979,1011057,Slapstick,32
980,1011070,Slayback,1
981,1009601,Sleeper,8
982,1010761,Sleepwalker,17
983,1009602,Slipstream,5
984,1010874,Slyde,1
985,1009603,Smasher (Vril Rokk),17
986,1010845,Smiling Tiger,0
987,1009606,Snowbird,48
988,1010855,Solo (James Bourne),21
989,1010693,Songbird,43
990,1011373,Sons of the Tiger,21
991,1009607,Spacker Dave,0
992,1010705,Spectrum,46
993,1010833,Speed,15
994,1011032,Speed Demon,7
995,1010694,Speedball (Robert Baldwin),41
996,1009605,Spencer Smythe,7
997,1011366,Sphinx (Anath-Na Mut),0
998,1010727,Spider-dok,0
999,1009157,Spider-Girl (Anya Corazon),71
1000,1009609,Spider-Girl (May Parker),200
1001,1017603,Spider-Gwen (Gwen Stacy),155
1002,1011347,Spider-Ham (Larval Earth),65
1003,1011054,Spider-Man (1602),44
1004,1014873,Spider-Man (2099),86
1005,1016452,Spider-Man (Ai Apaec),15
1006,1014858,Spider-Man (Ben Reilly),66
1007,1012200,Spider-Man (House of M),0
1008,1017332,Spider-Man (LEGO Marvel Super Heroes),0
1009,1011114,Spider-Man (Marvel Zombies),8
1010,1017305,Spider-Man (Marvel: Avengers Alliance),0
1011,1016181,Spider-Man (Miles Morales),427
1012,1012295,Spider-Man (Noir),21
1013,1009610,Spider-Man (Peter Parker),4419
1014,1011377,Spider-Man (Takuya Yamashiro),0
1015,1011010,Spider-Man (Ultimate),260
1016,1010795,Spider-Woman (Charlotte Witter),13
1017,1009608,Spider-Woman (Jessica Drew),330
1018,1010794,Spider-Woman (Mattie Franklin),17
1019,1009614,Spiral (Rita Wayword),49
1020,1011158,Spirit,0
1021,1010899,Spitfire,29
1022,1009616,Spot,25
1023,1011180,Sprite,0
1024,1009617,Spyke,0
1025,1014905,Squadron Sinister,9
1026,1010814,Squadron Supreme (Earth-712),52
1027,1010860,Squirrel Girl,124
1028,1009618,Stacy X,37
1029,1015003,Stacy X (Ultimate),2
1030,1011307,Star Brand,31
1031,1010733,Star-Lord (Peter Quill),112
1032,1009621,Starbolt,9
1033,1010764,Stardust,2
1034,1011084,Starfox,41
1035,1011341,Starhawk (Stakar Ogord),29
1036,1011078,Starjammers,33
1037,1009622,Stark Industries,0
1038,1010828,Stature,32
1039,1010889,Steel Serpent (Davos),16
1040,1012230,Stegron,6
1041,1011159,Stellaris,2
1042,1009625,Stepford Cuckoos,43
1043,1009615,Stephanie de la Spiroza,0
1044,1010901,Stephen Strange,10
1045,1010326,Steve Rogers,43
1046,1009626,Stick,17
1047,1009627,Stilt-Man (Wibur Day),11
1048,1009628,Stingray (Walter Newell),33
1049,1010327,Stone Men,0
1050,1009629,Storm,884
1051,1010979,Storm (Age of Apocalypse),12
1052,1017309,Storm (Marvel Heroes),0
1053,1010978,Storm (Ultimate),65
1054,1011062,Stranger,8
1055,1011051,Strong Guy,73
1056,1009632,Stryfe,49
1057,1011225,Stryfe (Ultimate),0
1058,1010791,Sub-Mariner,588
1059,1009631,Sue Storm,41
1060,1011212,Sugar Man,4
1061,1009635,Sumo,4
1062,1009636,Sunfire,90
1063,1011369,Phil Sheldon,8
1064,1014318,Phoenix Force,16
1065,1011045,Photon,33
1066,1010741,Phyla-Vell,4
1067,1010886,Piledriver,6
1068,1010762,Pip,19
1069,1011179,Pixie,53
1070,1009498,Plazm,2
1071,1009499,Polaris,283
1072,1009501,Post,13
1073,1016840,Power Man (USM),0
1074,1010770,Power Pack,137
1075,1011151,Praxagora,3
1076,1011152,Preak,3
1077,1009502,Pretty Boy,3
1078,1011104,Pride,10
1079,1014989,Prima,0
1080,1011234,Prince of Orphans,11
1081,1010750,Princess Powerful,0
1082,1009503,Prism,5
1083,1011030,Prodigy,28
1084,1014434,Prodigy (David Alleyne),12
1085,1011153,Proemial Gods,0
1086,1011378,Professor Monster,0
1087,1009504,Professor X,435
1088,1010958,Professor X (Ultimate),16
1089,1009505,Proteus,16
1090,1010960,Proteus (House of M),0
1091,1010959,Proteus (Ultimate),5
1092,1009506,Proudstar,5
1093,1009507,Prowler,26
1094,1010961,Prowler (Rick Lawson),0
1095,1009511,Psycho-Man,14
1096,1009512,Psylocke,444
1097,1009510,PsyNapse,4
1098,1009513,Puck,76
1099,1010962,Puck (Zuzha Yu),12
1100,1010865,Puff Adder,0
1101,1011165,pug,0
1102,1009514,Puma,31
1103,1009515,Punisher,759
1104,1009517,Punisher (2099),6
1105,1017306,Punisher (Marvel: Avengers Alliance),0
1106,1009519,Puppet Master,42
1107,1011207,Purifiers,12
1108,1009520,Purple Man,28
1109,1009522,Pyro,58
1110,1014528,Quake (Daisy Johnson),39
1111,1009523,Quasar (Phyla-Vell),113
1112,1010778,Quasar (Wendell Vaughn),99
1113,1010334,Quasimodo,10
1114,1011191,Queen Noir,0
1115,1009387,Quentin Quire,69
1116,1009524,Quicksilver,382
1117,1010964,Quicksilver (Age of Apocalypse),4
1118,1010963,Quicksilver (Ultimate),32
1119,1009430,Rachel Grey,88
1120,1009526,Radioactive Man,30
1121,1011280,Rafael Vega,0
1122,1010817,Rage,37
1123,1009527,Raider,0
1124,1009528,Randall,7
1125,1011326,Randall Flagg,1
1126,1010767,Random,3
1127,1010838,Rattler,0
1128,1011154,Ravenous,5
1129,1010892,Rawhide Kid,125
1130,1009531,Raza,35
1131,1009532,Reaper,18
1132,1009533,Reavers,16
1133,1015000,Reavers (Ultimate),2
1134,1011249,Red 9,0
1135,1009534,Red Ghost,14
1136,1011238,Red Ghost (Ultimate),0
1137,1014666,Red Guardian (Alexei Shostakov),7
1138,1011360,Red Hulk,99
1139,1017099,Red Hulk (HAS),1
1140,1011436,Red She-Hulk,41
1141,1011155,Red Shift,2
1142,1009535,Red Skull,177
1143,1010965,Red Skull (Albert Malik),0
1144,1010837,Red Wolf,24
1145,1011390,Redwing,26
1146,1011376,Reptil,58
1147,1011189,Retro Girl,1
1148,1011330,Revanche,1
1149,1009537,Rhino,75
1150,1009702,Rhodey,12
1151,1011401,Richard Fisk,0
1152,1009379,Rick Jones,200
1153,1015006,Rick Jones (Ultimate),0
1154,1011348,Ricochet,7
1155,1009542,Rictor,119
1156,1009543,Riptide,11
1157,1009544,Risque,13
1158,1009545,Robbie Robertson,69
1159,1010792,Robert Baldwin ,0
1160,1009235,Robin Chapel,0
1161,1010744,Rocket Raccoon,144
1162,1017314,Rocket Raccoon (Marvel Heroes),0
1163,1009295,Exodus,30
1164,1009296,Expediter,0
1165,1011199,Ezekiel,8
1166,1011317,Ezekiel Stane,17
1167,1009248,Fabian Cortez,6
1168,1009297,Falcon,205
1169,1017110,Falcon/Sam Wilson (MAA),0
1170,1011143,Fallen One,0
1171,1009298,Famine,15
1172,1009299,Fantastic Four,1525
1173,1011013,Fantastic Four (Ultimate),101
1174,1011111,Fantastick Four,1
1175,1009301,Fantomex,63
1176,1011233,Fat Cobra,16
1177,1009335,Felicia Hardy,3
1178,1009302,Fenris,6
1179,1011213,Feral,9
1180,1009303,Fin Fang Foom,30
1181,1010868,Firebird,35
1182,1009304,Firebrand,7
1183,1014987,Firedrake,0
1184,1009305,Firelord,43
1185,1009306,Firestar,123
1186,1011222,Firestar (Ultimate),5
1187,1010880,Fixer (Paul Norbert Ebersol),8
1188,1010863,Flatman,5
1189,1010333,Flying Dutchman,0
1190,1009470,Foggy Nelson,91
1191,1009307,Force Works,28
1192,1009308,Forearm,22
1193,1009309,Forge,158
1194,1014993,Forge (Ultimate),3
1195,1011177,Forgotten One,2
1196,1009229,Frank Castle,24
1197,1011356,Frankenstein's Monster,27
1198,1009539,Franklin Richards,172
1199,1010980,Franklin Storm,6
1200,1011240,Freak,6
1201,1012478,Frenzy,11
1202,1010799,Frightful Four,19
1203,1011389,Frog Thor,27
1204,1010670,Frog-Man,2
1205,1009377,Gabe Jones,0
1206,1009312,Galactus,238
1207,1011384,Galia,0
1208,1009313,Gambit,526
1209,1011201,Gamma Corps,0
1210,1010763,Gamora,77
1211,1017324,Gamora (Marvel War of Heroes),0
1212,1010832,Gargoyle,17
1213,1012512,Gargoyle (Isaac Christians),14
1214,1012513,Gargoyle (Yuri Topolov),1
1215,1011380,Garia,0
1216,1009383,Garrison Kane,19
1217,1009315,Gateway,29
1218,1009316,Gauntlet (Joseph Green),29
1219,1011248,Geiger,0
1220,1009556,Gene Sailors,0
1221,1011285,Generation X,103
1222,1009317,Genesis,16
1223,1011098,Genis-Vell,11
1224,1014974,George Stacy (Ultimate),9
1225,1010749,Gertrude Yorkes,14
1226,1010925,Ghost Rider (Daniel Ketch),99
1227,1009318,Ghost Rider (Johnny Blaze),330
1228,1017329,Ghost Rider (Marvel War of Heroes),0
1229,1017833,Ghost Rider (Robbie Reyes),34
1230,1011221,Giant Girl,2
1231,1009320,Giant Man,60
1232,1010720,Giant-dok,0
1233,1010926,Giant-Man (Ultimate),20
1234,1011055,Gideon,22
1235,1012571,Gilgamesh,12
1236,1014982,Git Hoskins,0
1237,1009321,Gladiator (Kallark),83
1238,1011256,Gladiator (Melvin Potter),9
1239,1009645,Glenn Talbot,7
1240,1011144,Glorian,11
1241,1009322,Goblin Queen,13
1242,1011374,Golden Guardian,0
1243,1010927,Goliath (Bill Foster),28
1244,1009324,Gorgon,64
1245,1012610,Gorgon (Inhumans),16
1246,1010731,Gorilla Man,19
1247,1011076,Grandmaster,11
1248,1012623,Graviton,12
1249,1010702,Gravity,35
1250,1011041,Great Lakes Avengers,13
1251,1014985,Green Goblin (Barry Norman Osborn),12
1252,1010928,Green Goblin (Harry Osborn),11
1253,1011435,Green Goblin (Norman Osborn),88
1254,1010929,Green Goblin (Ultimate),2
1255,1009326,Gressill,0
1256,1011420,Grey Gargoyle,29
1257,1011292,Greymalkin,0
1258,1009328,Grim Reaper,33
1259,1010743,Groot,73
1260,1009330,Guardian,36
1261,1011299,Guardians of the Galaxy,394
1262,1009331,Guardsmen,0
1263,1009367,Iron Fist (Danny Rand),427
1264,1010888,Iron Fist (Orson Randall),14
1265,1011413,Iron Fist (Quan Yaozu),1
1266,1016839,Iron Fist (USM),0
1267,1011412,Iron Fist (Wu Ao-Shi),2
1268,1010704,Iron Lad,17
1269,1009368,Iron Man,2722
1270,1017320,Iron Man (Iron Man 3 - The Official Game),0
1271,1017294,Iron Man (LEGO Marvel Super Heroes),0
1272,1017310,Iron Man (Marvel Heroes),0
1273,1017326,Iron Man (Marvel War of Heroes),0
1274,1010935,Iron Man (Ultimate),77
1275,1017104,Iron Man/Tony Stark (MAA),0
1276,1009371,Iron Monger,0
1277,1009487,Iron Patriot,6
1278,1009538,Iron Patriot (James Rhodes),76
1279,1010844,Ironclad,0
1280,1017831,Ironheart (Riri Williams),95
1281,1011876,Isaiah Bradley,8
1282,1009372,J. Jonah Jameson,281
1283,1010736,Jack Flag,0
1284,1010786,Jack Murdock,8
1285,1010766,Jack O' Lantern,9
1286,1011251,Jack Power,6
1287,1011288,Jackal,42
1288,1011259,Jackpot,7
1289,1010775,James Buchanan Barnes,3
1290,1010777,James Howlett,3
1291,1011343,Jamie Braddock,17
1292,1010329,Jane Foster,94
1293,1010878,"Janus, the Nega-Man",1
1294,1009597,Jasper Sitwell,23
1295,1011344,Jazinda,0
1296,1009496,Jean Grey,61
1297,1009327,Jean Grey,239
1298,1010946,Jean Grey (Ultimate),78
1299,1009604,Jennifer Smith,0
1300,1011404,Jeryn Hogarth,19
1301,1010667,Jessica Drew,13
1302,1009378,Jessica Jones,169
1303,1009373,Jetstream,1
1304,1009374,Jigsaw,21
1305,1011105,Jimmy Woo,15
1306,1009375,Joan the Mouse,0
1307,1009376,Jocasta,74
1308,1011171,John Farson,0
1309,1010812,John Jameson,10
1310,1009500,John Porter,0
1311,1009721,John Wraith,6
1312,1009196,Johnny Blaze,8
1313,1009630,Johnny Storm,27
1314,1009380,Joseph,39
1315,1010938,Joshua Kane,0
1316,1010937,Josiah X,7
1317,1011033,Joystick,5
1318,1009381,Jubilee,275
1319,1010936,Jubilee (Age of Apocalypse),3
1320,1009382,Juggernaut,209
1321,1010772,Jule Carpenter,0
1322,1010679,Julian Keller,6
1323,1011314,Junta,7
1324,1010760,Justice,76
1325,1011310,Justin Hammer,8
1326,1011081,Ka-Zar,164
1327,1011193,Kabuki,11
1328,1009384,Kang,152
1329,1014983,Karen O'Malley,0
1330,1011357,Karen Page,34
1331,1011386,Karma,64
1332,1009385,Karnak,105
1333,1010752,Karolina Dean ,18
1334,1010783,Kat Farrell,11
1335,1010810,Kate Bishop,19
1336,1011250,Katie Power,11
1337,1011319,Ken Ellis,6
1338,1009386,Khan,0
1339,1010893,Kid Colt,15
1340,1011397,Killer Shrike,4
1341,1011289,Killmonger,28
1342,1011116,Killraven,38
1343,1009388,King Bedlam,2
1344,1010842,King Cobra,5
1345,1009389,Kingpin,275
1346,1011308,Kinsey Walden,0
1347,1009508,Kitty Pryde,369
1348,1017476,Kitty Pryde (X-Men: Battle of the Atom),0
1349,1009390,Klaw,58
1350,1010818,Komodo (Melati Kusuma),20
1351,1011147,Korath,5
1352,1011080,Korg,18
1353,1011312,Korvac,15
1354,1013133,Krakoa,29
1355,1009391,Kraven the Hunter,106
1356,1011148,Kree,24
1357,1015017,Krista Starr,0
1358,1011178,Kronos,0
1359,1011029,Kulan Gath,5
1360,1013163,Kwannon,1
1361,1011058,Kylun,0
1362,1009392,La Nuit,2
1363,1010709,Gunslinger,0
1364,1009207,GW Bridge,22
1365,1009619,Gwen Stacy,90
1366,1014994,Gwen Stacy (Ultimate),27
1367,1011400,H.A.M.M.E.R.,8
1368,1009332,H.E.R.B.I.E.,1
1369,1011391,Hairball,8
1370,1009333,Half-Life (Tony Masterson),1
1371,1009334,Hammerhead,34
1372,1014995,Hammerhead (Ultimate),5
1373,1011490,Hank Pym,242
1374,1011091,Hannibal King,2
1375,1009348,Happy Hogan,18
1376,1010821,Hardball,17
1377,1011185,Harley Davidson Cooper,0
1378,1009336,Harpoon,13
1379,1011069,Harrier,0
1380,1009339,Harry Heck,0
1381,1009486,Harry Osborn,97
1382,1011218,Harry Osborn (Ultimate),10
1383,1010816,Hate-Monger (Adolf Hitler),3
1384,1009337,Havok,360
1385,1009338,Hawkeye,670
1386,1010808,Hawkeye (Kate Bishop),108
1387,1017311,Hawkeye (Marvel Heroes),0
1388,1011131,Hawkeye (Ultimate),30
1389,1017108,Hawkeye/Clint Barton (MAA),0
1390,1012767,Hecate (Ravonna Renslayer),15
1391,1011046,Hedge Knight,1
1392,1011482,Hela,63
1393,1010351,Hellcat (Patsy Walker),120
1394,1009340,Hellfire Club,34
1395,1014996,Hellfire Club (Ultimate),2
1396,1010678,Hellion,28
1397,1011044,Hellions (Squad),8
1398,1009341,Hemingway,1
1399,1011371,Henry Peter Gyrich,14
1400,1009342,Hepzibah,38
1401,1009343,Hercules,306
1402,1010759,Heroes For Hire,84
1403,1011274,Hex,0
1404,1011300,High Evolutionary,41
1405,1010839,Hindsight Lad,0
1406,1010703,Hiroim,4
1407,1011442,Hit-Monkey,23
1408,1009345,Hitman,5
1409,1011383,Hitomi Sakuma,0
1410,1010930,Hobgoblin (Jason Macendale),11
1411,1010931,Hobgoblin (Robin Borne),3
1412,1009347,Hobgoblin (Roderick Kingsley),41
1413,1009349,Holocaust (Age of Apocalypse),31
1414,1009350,Holy,0
1415,1017844,Honey Badger (Gabrielle Kinney),54
1416,1011428,Hope Summers,106
1417,1009557,Howard Saint,0
1418,1010373,Howard The Duck,114
1419,1009351,Hulk,1781
1420,1017098,Hulk (HAS),1
1421,1017333,Hulk (LEGO Marvel Super Heroes),0
1422,1011118,Hulk (Marvel Zombies),8
1423,1017303,Hulk (Marvel: Avengers Alliance),0
1424,1011005,Hulk (Ultimate),27
1425,1010721,Hulk-dok,0
1426,1017107,Hulk/Bruce Banner (MAA),0
1427,1009355,Hulkling,53
1428,1010343,Human Cannonball,2
1429,1011415,Human Fly (Richard Deacon),0
1430,1010722,Human Robot,12
1431,1009356,Human Torch,1194
1432,1010932,Human Torch (Jim Hammond),58
1433,1011102,Human Torch (Ultimate),55
1434,1010675,Humbug,5
1435,1009357,Husk,40
1436,1009358,Hussar,8
1437,1009359,Hydra,151
1438,1009360,Hydro-Man,18
1439,1009361,Hyperion (Earth-712),35
1440,1011246,Hypno-Hustler,3
1441,1009362,Iceman,595
1442,1010933,Iceman (Ultimate),68
1443,1017475,Iceman (X-Men: Battle of the Atom),0
1444,1011077,Ikaris,15
1445,1010758,Illuminati,17
1446,1009529,Ilyana Rasputin,1
1447,1012923,Immortus,21
1448,1011273,Imp,0
1449,1011089,Imperfects,0
1450,1009363,Imperial Guard,19
1451,1009364,Impossible Man,25
1452,1011063,In-Betweener,4
1453,1011064,Inertia,3
1454,1011146,Infant Terrible,0
1455,1009365,Inhumans,256
1456,1011293,Ink,2
1457,1011024,Invaders,94
1458,1009366,Invisible Woman,739
1459,1017301,Invisible Woman (Marvel: Avengers Alliance),0
1460,1010934,Invisible Woman (Ultimate),52
1461,1011379,Iron Cross Army,0
1462,1011318,Iron Fist (Bei Bang-Wen),6
1463,1011327,Lady Bullseye,33
1464,1009393,Lady Deathstrike,94
1465,1011014,Lady Mastermind,3
1466,1014977,Lady Ursula,0
1467,1014976,Lady Vermin,0
1468,1009394,Lake,0
1469,1009395,Landau,0
1470,1009397,Lava-Man,1
1471,1011100,Layla Miller,41
1472,1009398,Leader,50
1473,1011092,Leech,7
1474,1009399,Legion,103
1475,1011403,"Lei Kung, The Thunderer",7
1476,1009166,Lenny Balinger,0
1477,1011186,Leo (Zodiac),0
1478,1010340,Leopardon,0
1479,1011375,Leper Queen,1
1480,1014988,Lester,0
1481,1011421,Lethal Legion,13
1482,1010977,Lieutenant Marcus Stone,1
1483,1009401,Lifeguard,4
1484,1011408,Lightning Lords of Nepal,1
1485,1010450,Lightspeed,37
1486,1009236,Lila Cheney,8
1487,1009402,Lilandra,114
1488,1011074,Lilith,6
1489,1011257,Lily Hollister,9
1490,1010337,Lionheart,8
1491,1011444,Living Laser,26
1492,1010854,Living Lightning,21
1493,1011036,Living Mummy,11
1494,1011059,Living Tribunal,6
1495,1009403,Liz Osborn,12
1496,1009404,Lizard,93
1497,1010939,Lizard (Ultimate),2
1498,1011414,Loa,6
1499,1009405,Lockheed,66
1500,1009406,Lockjaw,93
1501,1010363,Logan,31
1502,1009407,Loki,478
1503,1017299,Loki (LEGO Marvel Super Heroes),0
1504,1010768,Loners,6
1505,1009408,Longshot,89
1506,1010940,Longshot (Ultimate),4
1507,1011145,Lord Hawal,1
1508,1014980,Lord Tyger,0
1509,1011283,Lords of Avalon,0
1510,1009260,Lorna Dane,8
1511,1009409,Luckman,0
1512,1011405,Lucky Pierre,1
1513,1010751,Lucy in the Sky,0
1514,1009215,Luke Cage,414
1515,1011200,Luminals,0
1516,1017854,Luna Snow (Luna Snow),14
1517,1010896,Lyja,28
1518,1011068,M (Monet St. Croix),46
1519,1011004,M.O.D.A.M.,7
1520,1011320,M.O.D.O.G.,2
1521,1010726,M.O.D.O.K.,54
1522,1017321,M.O.D.O.K. (Iron Man 3 - The Official Game),0
1523,1009418,Ma Gnuci,2
1524,1009314,Mac Gargan,0
1525,1010851,Mach IV,8
1526,1010805,Machine Man,94
1527,1009411,Mad Thinker,34
1528,1009412,Madame Hydra,16
1529,1010352,Madame Masque,35
1530,1010796,Madame Web (Julia Carpenter),8
1531,1010724,Maddog,1
1532,1009509,Madelyne Pryor,36
1533,1011205,Madripoor,1
1534,1009413,Madrox,99
1535,1011053,Maelstrom,4
1536,1011328,Maestro,28
1537,1010867,Magdalene,7
1538,1009414,Maggott,33
1539,1010942,Magik (Amanda Sefton),2
1540,1009415,Magik (Illyana Rasputin),131
1541,1011135,Maginty,0
1542,1009416,Magma (Amara Aquilla),63
1543,1009417,Magneto,481
1544,1010944,Magneto (Age of Apocalypse),9
1545,1010945,Magneto (House of M),10
1546,1010943,Magneto (Ultimate),36
1547,1017477,Magneto (X-Men: Battle of the Atom),0
1548,1010904,Magus (Adam Warlock),18
1549,1011364,Magus (Technarch),4
1550,1011085,Major Mapleleaf,0
1551,1010725,Makkari,18
1552,1009242,Malcolm Colcord,9
1553,1013479,Malekith,17
1554,1011229,Malice (Earth-161),0
1555,1009420,Man-Thing,159
1556,1010811,Man-Wolf,29
1557,1009421,Mandarin,80
1558,1011243,Mandrill,1
1559,1009422,Mandroid,2
1560,1009423,Manta,9
1561,1011026,Mantis,62
1562,1009424,Marauders,29
