,name,character_id,count_pulled,count_calculated
0,3-D Man,1011334,12,12
1,A-Bomb (HAS),1017100,4,4
2,A.I.M.,1009144,53,53
3,Aaron Stack,1010699,14,14
4,Abomination (Emil Blonsky),1009146,58,58
5,Abomination (Ultimate),1016823,2,2
6,Absorbing Man,1009148,99,99
7,Abyss,1009149,8,8
8,Abyss (Age of Apocalypse),1010903,3,3
9,Adam Warlock,1010354,201,201
10,Aero (Aero),1017851,29,29
11,Agatha Harkness,1012717,23,23
12,Agent Brand,1011297,30,30
13,Agent X (Nijo),1011031,18,18
14,Agent Zero,1009150,29,29
15,Agents of Atlas,1011198,45,45
16,Air-Walker (Gabriel Lan),1011136,4,4
17,Ajak,1011176,4,4
18,Albion,1011120,1,1
19,Alex Power,1010836,18,18
20,Alex Wilder,1010755,9,9
21,Alexander Pierce,1009497,1,1
22,Alicia Masters,1009435,71,63
23,Alpha Flight,1010370,215,215
24,Alpha Flight (Ultimate),1011324,2,2
25,Amadeus Cho,1011227,150,150
26,American Eagle (Jason Strongbow),1011361,6,6
27,Amiko,1009151,12,12
28,Amora,1010672,13,13
29,Amphibian (Earth-712),1010673,4,4
30,Ancient One,1009152,30,30
31,Ancient One (Ultimate),1016824,2,2
32,Angel (Angel Salvadore),1011684,5,5
33,Angel (Thomas Halloway),1011396,10,10
34,Angel (Ultimate),1011338,19,19
35,Angel (Warren Worthington III),1009153,116,116
36,Angela (Aldrif Odinsdottir),1017574,37,37
37,Anita Blake,1010674,9,9
38,Annihilus,1009154,66,66
39,Anole,1011301,5,5
40,Ant-Man (Eric O'Grady),1010802,45,45
41,Ant-Man (Hank Pym),1009155,42,42
42,Ant-Man (Scott Lang),1010801,137,137
43,Anthem,1011208,11,11
44,Apocalypse,1009156,130,129
45,Apocalypse (Ultimate),1011253,3,3
46,Arachne,1010773,6,6
47,Ara√±a,1017438,27,27
48,Arcade,1009158,35,35
49,Arcana,1010686,2,2
50,Archangel,1009159,563,563
51,Arclight,1009160,14,14
52,Ares,1010784,64,64
53,Armadillo,1011012,1,1
54,Armor (Hisako Ichiki),1011298,29,29
55,Armory,1010827,1,1
56,Arnim Zola,1009740,23,23
57,Atlas (Team),1010336,8,8
58,Attuma,1011758,49,49
59,Aurora,1009163,84,84
60,Avalanche,1009164,47,47
61,Avengers,1009165,2230,2231
62,Avengers (Ultimate),1015239,39,39
63,Azazel (Mutant),1011766,6,6
64,Balder,1011456,99,99
65,Banshee,1009168,189,189
66,Banshee (Theresa Rourke),1009596,156,156
67,Baron Mordo (Karl Mordo),1011778,19,19
68,Baron Strucker,1009169,46,46
69,Baron Zemo (Heinrich Zemo),1009170,38,38
70,Baron Zemo (Helmut Zemo),1010906,33,33
71,Baroness S'Bak,1011137,1,1
72,Barracuda,1011354,4,4
73,Bart Rozum,1009550,2,2
74,Bastion,1009171,37,37
75,Batroc the Leaper,1009172,31,31
76,Battering Ram,1009173,2,2
77,Battlestar,1011785,9,9
78,Beak,1009174,17,17
79,Beast,1009175,832,832
80,Beast (Ultimate),1010908,49,49
81,Bedlam,1009177,8,8
82,Beef,1009178,1,1
83,Beetle (Abner Jenkins),1009179,20,20
84,Belasco,1011793,2,2
85,Ben Grimm,1009329,47,47
86,Ben Parker,1009489,21,21
87,Ben Reilly,1011346,22,22
88,Ben Urich,1010782,55,55
89,Bengal,1010829,9,9
90,Beta-Ray Bill,1009180,55,55
91,Bethany Cabe,1011907,24,24
92,Betty Brant,1010325,26,26
93,Betty Ross,1009548,70,70
94,Beyonder,1011138,23,23
95,Big Bertha,1010843,7,7
96,Big Wheel,1009181,2,2
97,Bishop,1009182,320,320
98,Bishop (Ultimate),1011224,1,1
99,Black Bolt,1009184,163,163
100,Black Cat,1009185,230,230
101,Black Cat (Ultimate),1010910,5,5
102,Black Crow,1010859,1,1
103,Black Knight (Dane Whitman),1011809,85,85
104,Black Knight (Sir Percy of Scandia),1009186,107,107
105,Black Panther,1009187,752,752
106,Black Panther (Shuri),1017838,61,61
107,Black Panther (Ultimate),1011130,8,8
108,Black Queen,1010356,2,2
109,Black Tarantula,1010687,23,23
110,Black Tom,1009188,16,16
111,Black Widow,1009189,617,618
112,Black Widow (Ultimate),1010911,18,18
113,Black Widow (Yelena Belova),1011498,15,15
114,Black Widow/Natasha Romanoff (MAA),1017109,1,1
115,Blackheart,1009190,12,12
116,Blacklash,1010881,5,5
117,Blackout,1011349,5,5
118,Blade,1009191,134,134
119,Blastaar,1009195,36,36
120,Blazing Skull,1010830,3,3
121,Blindfold,1011291,25,25
122,Bling!,1011836,15,15
123,Blink,1009197,63,63
124,Blizzard,1009198,14,14
125,Blob,1009199,77,77
126,Blob (Ultimate),1011132,14,14
127,Blockbuster,1009200,12,12
128,Blok,1009201,6,6
129,Bloke,1009202,3,3
130,Blonde Phantom,1011416,18,18
131,Bloodaxe,1011073,5,5
132,Bloodscream,1009203,5,5
133,Bloodstorm,1009204,23,23
134,Blue Blade,1011113,1,1
135,Blue Marvel,1011339,37,37
136,Blue Shield,1011264,1,1
137,Blur,1010688,3,3
138,"Bob, Agent of Hydra",1011119,7,7
139,Boom Boom,1010366,75,75
140,Boomer,1009205,62,62
141,Boomerang,1010371,45,45
142,Box,1009206,7,7
143,Bride of Nine Spiders (Immortal Weapons),1011236,10,10
144,Brood,1009208,56,56
145,Brother Voodoo,1011090,11,11
146,Brotherhood of Evil Mutants,1009209,36,36
147,Brotherhood of Mutants (Ultimate),1014973,13,13
148,Bruce Banner,1009167,127,127
149,Brute,1009210,10,10
150,Bucky,1009211,85,85
151,Bug,1011038,3,3
152,Bulldozer,1010887,7,7
153,Bullseye,1009212,131,131
154,Bushwacker,1009213,12,12
155,Butterfly,1011101,8,8
156,Cable,1009214,451,451
157,Cable (Deadpool),1017317,39,39
158,Cable (Ultimate),1011252,2,2
159,Calamity,1011209,11,11
160,Caliban,1009216,73,73
161,Callisto,1009217,38,38
162,Callisto (Age of Apocalypse),1010912,1,1
163,Calypso,1009218,6,6
164,Cammi,1011139,4,4
165,Cannonball,1009219,296,296
166,Captain America,1009220,2507,2507
167,Captain America (House of M),1010914,3,3
168,Captain America (Sam Wilson),1017575,83,84
169,Captain America (Ultimate),1010913,75,75
170,Captain Britain,1009223,181,181
171,Captain Britain (Betsy Braddock),1017856,35,35
172,Captain Britain (Ultimate),1010915,3,3
173,Captain Marvel (Carol Danvers),1010338,619,620
174,Captain Marvel (Genis-Vell),1011096,66,66
175,Captain Marvel (Mar-Vell),1009224,201,201
176,Captain Marvel (Monica Rambeau),1011095,38,38
177,Captain Marvel (Phyla-Vell),1011097,18,18
178,Captain Stacy,1009225,10,10
179,Captain Universe,1011027,24,24
180,Cardiac,1011052,10,10
181,Caretaker,1010143,4,4
182,Cargill,1009226,1,1
183,Carlie Cooper,1011258,69,69
184,Carmella Unuscione,1009688,11,11
185,Carnage,1009227,171,170
186,Carnage (Ultimate),1010916,7,7
187,Carol Danvers,1009261,31,31
188,Carrion (Malcolm McBride),1011937,2,2
189,Cassandra Nova,1009478,14,14
190,Catseye,1009230,1,1
191,Cecilia Reyes,1009536,21,21
192,Celestials,1010813,26,26
193,Centennial,1011039,12,12
194,Cerebro,1009231,7,7
195,Cerise,1011141,2,2
196,Ch'od,1009232,39,39
197,Chamber,1009233,57,57
198,Chameleon,1009234,43,43
199,Champions,1010756,47,47
200,Charles Xavier,1009733,89,88
201,Charlie-27,1012019,31,31
202,Chase Stein,1010754,16,16
203,Chimera,1009237,6,6
204,Chores MacGillicudy,1011411,1,1
205,Christian Walker,1011187,2,2
206,Chronomancer,1009238,3,3
207,Chthon,1012065,4,4
208,ClanDestine,1011270,20,20
209,Clea,1009239,119,119
210,Clea (Ultimate),1014999,2,2
211,Clint Barton,1010809,34,34
212,Cloak,1009241,129,127
213,Cloud 9,1010823,20,20
214,Cobalt Man,1011286,4,4
215,Colleen Wing,1010676,88,88
216,Colossus,1009243,705,705
217,Colossus (Ultimate),1010917,64,64
218,Confederates of the Curious,1011410,1,1
219,Constrictor,1009245,34,34
220,Contessa (Vera Vidal),1011407,1,1
221,Controller,1010346,7,7
222,Corsair,1009247,32,32
223,Cosmo (dog),1011353,15,15
224,Cottonmouth,1011362,2,2
225,Count Nefaria,1009249,33,32
226,Countess,1009250,1,1
227,Crimson Dynamo,1009251,40,40
228,Crossbones,1009252,48,48
229,Crule,1009253,7,7
230,Crusher Hogan,1009254,3,3
231,Crusher Hogan (Ultimate),1014991,4,4
232,Crystal,1009255,124,124
233,Cuckoo,1011268,1,1
234,Curt Conners,1009244,18,18
235,Cyber,1009256,21,21
236,Cyclops,1009257,989,988
237,Cyclops (Ultimate),1010918,67,67
238,Cypher,1011385,27,27
239,D'Ken Neramani,1011050,2,2
240,Dagger,1009258,131,129
241,Daily Bugle,1010774,3,3
242,Daimon Hellstrom,1010719,59,59
243,Daken,1011001,130,130
244,Dakota North,1011333,20,20
245,Damage Control,1009259,18,18
246,Dani Moonstar,1009453,77,76
247,Danny Rand,1010776,2,1
248,Daredevil,1009262,1252,1253
249,Daredevil (Ultimate),1010919,22,22
250,Dargo Ktor,1011306,1,1
251,Dark Avengers,1011367,79,79
252,Dark Beast,1010907,10,10
253,Dark Phoenix,1009265,21,21
254,Dark X-Men,1011387,15,15
255,Darkhawk,1011020,56,56
256,Darkstar,1009266,24,24
257,Darwin,1011016,12,12
258,Dazzler,1009267,219,219
259,Dazzler (Ultimate),1010920,16,16
260,Deacon Frost,1010341,1,1
261,Dead Girl,1011087,9,9
262,Deadpool,1009268,914,914
263,Death,1009269,29,29
264,Deathbird,1009270,36,36
265,Deathcry,1011037,8,8
266,Deathlok,1010890,104,104
267,Deathstrike (Ultimate),1014997,1,1
268,Debra Whitman,1009713,1,1
269,Debrii,1010717,9,9
270,Deena Pilgrim,1011188,3,3
271,Defenders,1011023,215,215
272,Demogoblin,1011071,10,10
273,Destiny,1009271,49,48
274,Detective Soap,1009272,3,3
275,Deviants,1011107,10,10
276,Devil Dinosaur (Devil Dinosaur),1017583,103,103
277,Devos,1011142,4,4
278,Dexter Bennett,1011260,3,3
279,Diablo,1009273,28,28
280,Diamondback (Rachel Leighton),1009274,54,54
281,Dinah Soar,1011040,3,3
282,Doc Samson,1009275,111,110
283,Doctor Doom,1009281,489,488
284,Doctor Doom (Ultimate),1011103,12,12
285,Doctor Faustus,1011206,9,9
286,Doctor Octopus,1009276,183,182
287,Doctor Octopus (Ultimate),1010921,15,15
288,Doctor Spectrum,1010689,21,21
289,Doctor Strange,1009282,933,931
290,Doctor Strange (Ultimate),1011358,11,11
291,Doctor Voodoo,1011500,48,48
292,Dog Brother #1,1011235,9,9
293,Domino,1009277,286,285
294,Donald Blake,1010330,15,15
295,Doomsday Man,1009278,3,3
296,Doop,1009279,39,39
297,Doorman,1010879,5,5
298,Dora Milaje,1017835,37,37
299,Dormammu,1009280,55,55
300,Dormammu (Ultimate),1014992,3,3
301,Dracula,1010677,122,122
302,Dragon Lord,1011247,4,4
303,Dragon Man,1009283,37,36
304,Drax,1010735,80,80
305,Dreadnoughts,1010368,5,5
306,Dreaming Celestial,1015007,3,3
307,Druig,1011322,4,4
308,Dum Dum Dugan,1009284,67,67
309,Dust,1009285,25,25
310,Earthquake,1009286,7,7
311,Echo,1010785,54,54
312,Eddie Brock,1010787,234,234
313,Edwin Jarvis,1011072,106,106
314,Ego,1011060,17,17
315,Electro,1009287,87,87
316,Electro (Ultimate),1010922,7,7
317,Elektra,1009288,241,240
318,Elektra (Ultimate),1010923,11,11
319,Elements of Doom,1010355,1,1
320,Elite,1009290,1,1
321,Elixir,1011082,28,28
322,Elloe Kaifi,1011122,3,3
323,Elsa Bloodstone,1010701,47,47
324,Emma Frost,1009310,441,441
325,Empath,1009291,30,30
326,Emplate,1009292,15,15
327,Enchantress (Amora),1010671,27,27
328,Enchantress (Sylvie Lushton),1011432,2,2
329,Ender Wiggin,1011313,5,5
330,Energizer,1010445,10,10
331,Erik the Red,1009293,6,6
332,Eternals,1010807,98,98
333,Eternity,1011061,20,20
334,Excalibur,1010771,224,224
335,Executioner (Skurge),1012378,4,4
336,Exiles,1009294,146,146
337,Exodus,1009295,30,29
338,Ezekiel,1011199,8,8
339,Ezekiel Stane,1011317,17,17
340,Fabian Cortez,1009248,6,6
341,Falcon,1009297,205,203
342,Famine,1009298,15,15
343,Fantastic Four,1009299,1525,1525
344,Fantastic Four (Ultimate),1011013,101,101
345,Fantastick Four,1011111,1,1
346,Fantomex,1009301,63,63
347,Fat Cobra,1011233,16,16
348,Felicia Hardy,1009335,3,3
349,Fenris,1009302,6,6
350,Feral,1011213,9,9
351,Fin Fang Foom,1009303,30,30
352,Firebird,1010868,35,35
353,Firebrand,1009304,7,7
354,Firelord,1009305,43,42
355,Firestar,1009306,123,123
356,Firestar (Ultimate),1011222,5,5
357,Fixer (Paul Norbert Ebersol),1010880,8,8
358,Flatman,1010863,5,5
359,Foggy Nelson,1009470,91,91
360,Force Works,1009307,28,28
361,Forearm,1009308,22,22
362,Forge,1009309,158,158
363,Forge (Ultimate),1014993,3,3
364,Forgotten One,1011177,2,2
365,Frank Castle,1009229,24,24
366,Frankenstein's Monster,1011356,27,27
367,Franklin Richards,1009539,172,172
368,Franklin Storm,1010980,6,6
369,Freak,1011240,6,6
370,Frenzy,1012478,11,11
371,Frightful Four,1010799,19,19
372,Frog Thor,1011389,27,27
373,Frog-Man,1010670,2,2
374,GW Bridge,1009207,22,22
375,Galactus,1009312,238,237
376,Gambit,1009313,526,525
377,Gamora,1010763,77,77
378,Gargoyle,1010832,17,17
379,Gargoyle (Isaac Christians),1012512,14,14
380,Gargoyle (Yuri Topolov),1012513,1,1
381,Garrison Kane,1009383,19,19
382,Gateway,1009315,29,29
383,Gauntlet (Joseph Green),1009316,29,29
384,Generation X,1011285,103,103
385,Genesis,1009317,16,16
386,Genis-Vell,1011098,11,11
387,George Stacy (Ultimate),1014974,9,9
388,Gertrude Yorkes,1010749,14,14
389,Ghost Rider (Daniel Ketch),1010925,99,99
390,Ghost Rider (Johnny Blaze),1009318,330,329
391,Ghost Rider (Robbie Reyes),1017833,34,34
392,Giant Girl,1011221,2,2
393,Giant Man,1009320,60,60
394,Giant-Man (Ultimate),1010926,20,20
395,Gideon,1011055,22,22
396,Gilgamesh,1012571,12,12
397,Gladiator (Kallark),1009321,83,82
398,Gladiator (Melvin Potter),1011256,9,9
399,Glenn Talbot,1009645,7,7
400,Glorian,1011144,11,11
401,Goblin Queen,1009322,13,13
402,Goliath (Bill Foster),1010927,28,28
403,Gorgon,1009324,64,63
404,Gorgon (Inhumans),1012610,16,16
405,Gorilla Man,1010731,19,19
406,Grandmaster,1011076,11,11
407,Graviton,1012623,12,12
408,Gravity,1010702,35,35
409,Great Lakes Avengers,1011041,13,13
410,Green Goblin (Barry Norman Osborn),1014985,12,12
411,Green Goblin (Harry Osborn),1010928,11,11
412,Green Goblin (Norman Osborn),1011435,88,88
413,Green Goblin (Ultimate),1010929,2,2
414,Grey Gargoyle,1011420,29,29
415,Grim Reaper,1009328,33,32
416,Groot,1010743,73,73
417,Guardian,1009330,36,33
418,Guardians of the Galaxy,1011299,394,394
419,Gwen Stacy,1009619,90,90
420,Gwen Stacy (Ultimate),1014994,27,27
421,H.A.M.M.E.R.,1011400,8,8
422,H.E.R.B.I.E.,1009332,1,1
423,Hairball,1011391,8,8
424,Half-Life (Tony Masterson),1009333,1,1
425,Hammerhead,1009334,34,33
426,Hammerhead (Ultimate),1014995,5,5
427,Hank Pym,1011490,242,239
428,Hannibal King,1011091,2,2
429,Happy Hogan,1009348,18,18
430,Hardball,1010821,17,17
431,Harpoon,1009336,13,13
432,Harry Osborn,1009486,97,97
433,Harry Osborn (Ultimate),1011218,10,10
434,Hate-Monger (Adolf Hitler),1010816,3,3
435,Havok,1009337,360,357
436,Hawkeye,1009338,670,666
437,Hawkeye (Kate Bishop),1010808,108,108
438,Hawkeye (Ultimate),1011131,30,30
439,Hecate (Ravonna Renslayer),1012767,15,15
440,Hedge Knight,1011046,1,1
441,Hela,1011482,63,63
442,Hellcat (Patsy Walker),1010351,120,120
443,Hellfire Club,1009340,34,34
444,Hellfire Club (Ultimate),1014996,2,2
445,Hellion,1010678,28,28
446,Hellions (Squad),1011044,8,8
447,Hemingway,1009341,1,1
448,Henry Peter Gyrich,1011371,14,14
449,Hepzibah,1009342,38,36
450,Hercules,1009343,306,304
451,Heroes For Hire,1010759,84,84
452,High Evolutionary,1011300,41,41
453,Hiroim,1010703,4,4
454,Hit-Monkey,1011442,23,23
455,Hitman,1009345,5,5
456,Hobgoblin (Jason Macendale),1010930,11,11
457,Hobgoblin (Robin Borne),1010931,3,3
458,Hobgoblin (Roderick Kingsley),1009347,41,39
459,Holocaust (Age of Apocalypse),1009349,31,30
460,Honey Badger (Gabrielle Kinney),1017844,54,54
461,Hope Summers,1011428,106,105
462,Howard The Duck,1010373,114,114
463,Hulk,1009351,1781,1771
464,Hulk (HAS),1017098,1,1
465,Hulk (Marvel Zombies),1011118,8,8
466,Hulk (Ultimate),1011005,27,27
467,Hulkling,1009355,53,53
468,Human Cannonball,1010343,2,2
469,Human Robot,1010722,12,12
470,Human Torch,1009356,1194,1185
471,Human Torch (Jim Hammond),1010932,58,58
472,Human Torch (Ultimate),1011102,55,55
473,Humbug,1010675,5,5
474,Husk,1009357,40,39
475,Hussar,1009358,8,7
476,Hydra,1009359,151,150
477,Hydro-Man,1009360,18,18
478,Hyperion (Earth-712),1009361,35,31
479,Hypno-Hustler,1011246,3,3
480,Iceman,1009362,595,588
481,Iceman (Ultimate),1010933,68,68
482,Ikaris,1011077,15,15
483,Illuminati,1010758,17,17
484,Ilyana Rasputin,1009529,1,1
485,Immortus,1012923,21,21
486,Imperial Guard,1009363,19,19
487,Impossible Man,1009364,25,22
488,In-Betweener,1011063,4,4
489,Inertia,1011064,3,3
490,Inhumans,1009365,256,256
491,Ink,1011293,2,2
492,Invaders,1011024,94,94
493,Invisible Woman,1009366,739,729
494,Invisible Woman (Ultimate),1010934,52,52
495,Iron Fist (Bei Bang-Wen),1011318,6,6
496,Iron Fist (Danny Rand),1009367,427,427
497,Iron Fist (Orson Randall),1010888,14,14
498,Iron Fist (Quan Yaozu),1011413,1,1
499,Iron Fist (Wu Ao-Shi),1011412,2,2
500,Iron Lad,1010704,17,17
501,Iron Man,1009368,2722,2711
502,Iron Man (Ultimate),1010935,77,77
503,Iron Patriot,1009487,6,6
504,Iron Patriot (James Rhodes),1009538,76,76
505,Ironheart (Riri Williams),1017831,95,95
506,Isaiah Bradley,1011876,8,8
507,J. Jonah Jameson,1009372,281,280
508,Jack Murdock,1010786,8,8
509,Jack O' Lantern,1010766,9,9
510,Jack Power,1011251,6,6
511,Jackal,1011288,42,42
512,Jackpot,1011259,7,7
513,James Buchanan Barnes,1010775,3,3
514,James Howlett,1010777,3,3
515,Jamie Braddock,1011343,17,17
516,Jane Foster,1010329,94,92
517,"Janus, the Nega-Man",1010878,1,1
518,Jasper Sitwell,1009597,23,22
519,Jean Grey,1009327,239,231
520,Jean Grey,1009496,61,61
521,Jean Grey (Ultimate),1010946,78,78
522,Jeryn Hogarth,1011404,19,19
523,Jessica Drew,1010667,13,13
524,Jessica Jones,1009378,169,168
525,Jetstream,1009373,1,1
526,Jigsaw,1009374,21,18
527,Jimmy Woo,1011105,15,15
528,Jocasta,1009376,74,74
529,John Jameson,1010812,10,10
530,John Wraith,1009721,6,6
531,Johnny Blaze,1009196,8,8
532,Johnny Storm,1009630,27,26
533,Joseph,1009380,39,38
534,Josiah X,1010937,7,7
535,Joystick,1011033,5,5
536,Jubilee,1009381,275,274
537,Jubilee (Age of Apocalypse),1010936,3,3
538,Juggernaut,1009382,209,205
539,Julian Keller,1010679,6,6
540,Junta,1011314,7,7
541,Justice,1010760,76,73
542,Justin Hammer,1011310,8,8
543,Ka-Zar,1011081,164,163
544,Kabuki,1011193,11,11
545,Kang,1009384,152,149
546,Karen Page,1011357,34,32
547,Karma,1011386,64,64
548,Karnak,1009385,105,101
549,Karolina Dean ,1010752,18,18
550,Kat Farrell,1010783,11,11
551,Kate Bishop,1010810,19,19
552,Katie Power,1011250,11,11
553,Ken Ellis,1011319,6,6
554,Kid Colt,1010893,15,15
555,Killer Shrike,1011397,4,4
556,Killmonger,1011289,28,28
557,Killraven,1011116,38,38
558,King Bedlam,1009388,2,2
559,King Cobra,1010842,5,3
560,Kingpin,1009389,275,271
561,Kitty Pryde,1009508,369,365
562,Klaw,1009390,58,56
563,Komodo (Melati Kusuma),1010818,20,20
564,Korath,1011147,5,5
565,Korg,1011080,18,18
566,Korvac,1011312,15,15
567,Krakoa,1013133,29,29
568,Kraven the Hunter,1009391,106,107
569,Kree,1011148,24,24
570,Kulan Gath,1011029,5,4
571,Kwannon,1013163,1,1
572,La Nuit,1009392,2,2
573,Lady Bullseye,1011327,33,33
574,Lady Deathstrike,1009393,94,94
575,Lady Mastermind,1011014,3,3
576,Lava-Man,1009397,1,1
577,Layla Miller,1011100,41,41
578,Leader,1009398,50,47
579,Leech,1011092,7,7
580,Legion,1009399,103,101
581,"Lei Kung, The Thunderer",1011403,7,7
582,Leper Queen,1011375,1,1
583,Lethal Legion,1011421,13,13
584,Lieutenant Marcus Stone,1010977,1,1
585,Lifeguard,1009401,4,4
586,Lightning Lords of Nepal,1011408,1,1
587,Lightspeed,1010450,37,37
588,Lila Cheney,1009236,8,8
589,Lilandra,1009402,114,110
590,Lilith,1011074,6,6
591,Lily Hollister,1011257,9,9
592,Lionheart,1010337,8,8
593,Living Laser,1011444,26,26
594,Living Lightning,1010854,21,18
595,Living Mummy,1011036,11,11
596,Living Tribunal,1011059,6,6
597,Liz Osborn,1009403,12,12
598,Lizard,1009404,93,93
599,Lizard (Ultimate),1010939,2,2
600,Loa,1011414,6,6
601,Lockheed,1009405,66,66
602,Lockjaw,1009406,93,90
603,Logan,1010363,31,31
604,Loki,1009407,478,475
605,Loners,1010768,6,6
606,Longshot,1009408,89,86
607,Longshot (Ultimate),1010940,4,4
608,Lord Hawal,1011145,1,1
609,Lorna Dane,1009260,8,7
610,Lucky Pierre,1011405,1,1
611,Luke Cage,1009215,414,412
612,Luna Snow (Luna Snow),1017854,14,14
613,Lyja,1010896,28,28
614,M (Monet St. Croix),1011068,46,46
615,M.O.D.A.M.,1011004,7,7
616,M.O.D.O.G.,1011320,2,2
617,M.O.D.O.K.,1010726,54,54
618,MVP,1010826,4,4
619,Ma Gnuci,1009418,2,2
620,Mach IV,1010851,8,8
621,Machine Man,1010805,94,90
622,Mad Thinker,1009411,34,32
623,Madame Hydra,1009412,16,16
624,Madame Masque,1010352,35,35
625,Madame Web (Julia Carpenter),1010796,8,8
626,Maddog,1010724,1,1
627,Madelyne Pryor,1009509,36,35
628,Madripoor,1011205,1,1
629,Madrox,1009413,99,99
630,Maelstrom,1011053,4,4
631,Maestro,1011328,28,28
632,Magdalene,1010867,7,6
633,Maggott,1009414,33,33
634,Magik (Amanda Sefton),1010942,2,2
635,Magik (Illyana Rasputin),1009415,131,130
636,Magma (Amara Aquilla),1009416,63,63
637,Magneto,1009417,481,472
638,Magneto (Age of Apocalypse),1010944,9,9
639,Magneto (House of M),1010945,10,10
640,Magneto (Ultimate),1010943,36,36
641,Magus (Adam Warlock),1010904,18,18
642,Magus (Technarch),1011364,4,4
643,Makkari,1010725,18,18
644,Malcolm Colcord,1009242,9,9
645,Malekith,1013479,17,17
646,Man-Thing,1009420,159,158
647,Man-Wolf,1010811,29,28
648,Mandarin,1009421,80,78
649,Mandrill,1011243,1,1
650,Mandroid,1009422,2,1
651,Manta,1009423,9,8
652,Mantis,1011026,62,62
653,Marauders,1009424,29,29
654,Maria Hill,1011335,111,111
655,Mariko Yashida,1009735,24,23
656,Marrow,1009425,93,89
657,Marvel Apes,1011350,9,9
658,Marvel Boy,1009427,50,50
659,Marvel Zombies,1011002,34,34
660,Marvelman,1011495,13,13
661,Marvex,1011417,1,1
662,Mary Jane Watson,1009708,430,430
663,Mary Jane Watson (House of M),1010993,2,2
664,Mary Jane Watson (Ultimate),1011203,45,45
665,Masked Marvel (Unrevealed),1010869,3,3
666,Masque,1010367,35,34
667,Master Chief,1010732,6,6
668,Master Mold,1009433,9,7
669,Mastermind,1009434,46,42
670,Masters of Evil,1011279,24,24
671,Matthew Murdock,1009463,28,28
672,Mauler,1009436,5,5
673,Maverick (Chris Bradley),1010947,5,5
674,Maverick (Christoph Nord),1009437,10,10
675,Maximus,1011305,28,28
676,May Parker,1009490,169,168
677,Medusa,1009438,166,152
678,Meggan,1011399,22,22
679,Meltdown,1009439,70,68
680,Menace,1011241,40,40
681,Mentallo,1011099,3,3
682,Mentor,1011184,2,2
683,Mephisto,1009440,122,120
684,Mercury,1010681,20,20
685,Mesmero,1009442,35,31
686,Meteorite,1010361,1,1
687,Microbe,1010690,6,6
688,Microchip,1011134,12,12
689,Micromax,1010871,6,6
690,Miek,1010924,3,3
691,Mikhail Rasputin,1009530,11,11
692,Millie the Model,1010894,32,32
693,Mimic,1009445,36,36
694,Mindworm,1011204,1,1
695,Miracleman,1013727,6,6
696,Miss America,1011424,52,52
697,Mister Fear,1009446,4,4
698,Mister Sinister,1009447,119,114
699,Mister Sinister (Ultimate),1011254,3,3
700,Misty Knight,1010682,185,186
701,Mockingbird,1011220,91,91
702,Moira MacTaggert,1009410,40,34
703,Moira MacTaggert (Ultimate),1010941,2,2
704,Mojo,1009448,54,51
705,Mole Man,1009449,70,65
706,Molecule Man,1011019,9,9
707,Molly Hayes,1010691,17,17
708,Molly Von Richtofen,1009541,2,2
709,Molten Man,1011370,7,7
710,Mongoose,1010876,2,2
711,Monster Badoon,1010331,2,2
712,Moon Girl (Lunella Layfayette),1017814,109,109
713,Moon Knight,1009452,391,387
714,Moon Knight (House of M),1010949,1,1
715,Moon Knight (Ultimate),1014998,8,8
716,Moondragon,1009451,80,75
717,Moonstone,1010362,38,35
718,Morbius,1009454,109,109
719,Mordo,1010902,1,1
720,Morg,1009455,6,6
721,Morgan Le Fay,1013190,15,14
722,Morgan Stark,1009623,4,4
723,Morlocks,1011008,10,10
724,Morlun,1011088,13,13
725,Morph,1009456,21,18
726,Mother Askani,1009457,9,9
727,Mr. Fantastic,1009459,597,579
728,Mr. Fantastic (Ultimate),1010950,52,52
729,Mr. Fish,1010900,1,1
730,Mr. Fixit,1009460,26,26
731,Mr. Hyde,1010347,34,32
732,Mr. Immortal,1010840,6,6
733,Mr. Negative,1011244,28,27
734,Mr. X,1009462,8,8
735,Ms. America (America Chavez),1017824,79,80
736,Ms. Marvel (Kamala Khan),1017577,275,275
737,Mulholland Black,1011210,11,11
738,Multiple Man,1011056,59,59
739,Mysterio,1009464,93,93
740,Mysterio (Francis Klum),1010952,3,3
741,Mystique,1009465,206,200
742,Mystique (Age of Apocalypse),1010953,2,2
743,Mystique (House of M),1010954,1,1
744,Mystique (Ultimate),1011129,11,11
745,Nakia (Nakia),1013483,2,2
746,Namor,1009466,367,365
747,Namora,1009468,52,52
748,Namorita,1009469,67,65
749,Natasha Romanoff,1009547,20,20
750,Nebula,1010365,33,33
751,Nekra,1011422,9,9
752,Nemesis,1011086,35,35
753,New Mutants,1011336,306,306
754,New Warriors,1010683,114,114
755,New X-Men,1011271,46,45
756,Newton Destine,1011269,3,1
757,Next Avengers,1011303,1,1
758,Nextwave,1010685,13,13
759,Nick Fury,1009471,560,549
760,Nick Fury (Ultimate),1011007,85,85
761,Nico Minoru,1010746,29,29
762,Nicolaos,1010706,2,2
763,Night Nurse (Linda Carter),1014057,11,11
764,Night Thrasher,1010684,46,46
765,Night Thrasher (Dwayne Taylor),1014063,14,14
766,Nightcrawler,1009472,644,624
767,Nightcrawler (Ultimate),1011337,38,38
768,Nighthawk,1010349,59,54
769,Nightmare,1009473,67,67
770,Nightshade,1011124,3,3
771,Nine-Fold Daughters of Xao,1011409,1,1
772,Nitro,1010797,11,11
773,Nocturne,1009474,33,33
774,Nomad,1009475,24,23
775,Nomad (Rikki Barnes),1011427,20,20
776,Nomad (Steve Rogers),1010955,4,4
777,Norman Osborn,1009325,208,205
778,Northstar,1009476,108,105
779,Nova,1009477,197,189
780,Nova (Frankie Raye),1010956,8,8
781,Nova (Sam Alexander),1017078,116,116
782,Nuke,1010707,12,12
783,Obadiah Stane,1009620,4,4
784,Odin,1009480,224,220
785,Ogun,1009481,7,7
786,Okoye,1017840,10,10
787,Old Lace,1010882,13,13
788,Old Man Logan (Earth-807128),1017810,157,157
789,Omega (Michael Pointer),1014160,1,1
790,Omega Flight,1010757,10,10
791,Omega Red,1009482,64,60
792,Omega Sentinel,1011329,2,2
793,Omega the Unknown,1011123,17,17
794,Onslaught,1009483,46,41
795,Oracle,1009484,20,16
796,Ord,1011202,11,11
797,Orphan,1009485,14,14
798,Orphan-Maker,1010957,24,24
799,Otto Octavius,1009479,12,11
800,Outlaw (Inez Temple),1014198,14,14
801,Outlaw Kid,1011228,3,3
802,Owl,1011028,20,20
803,Ozymandias,1009488,15,12
804,Paibok,1011150,4,4
805,Paladin,1010873,25,25
806,Pandemic,1010708,2,2
807,Paper Doll,1011321,3,3
808,Patch,1010357,5,5
809,Patriot,1009492,81,81
810,Peggy Carter (Captain Carter),1017857,17,17
811,Penance (Monet St. Croix),1014267,17,17
812,Penance (Robert Baldwin),1009493,67,65
813,Pepper Potts,1009494,85,85
814,Pestilence,1009495,10,10
815,Pet Avengers,1011388,15,15
816,Pete Wisdom,1010779,23,23
817,Peter Parker,1009491,198,198
818,Peter Quill,1010734,8,8
819,Phalanx,1011021,4,4
820,Phantom Reporter,1011419,2,2
821,Phil Coulson (Phil Coulson),1017839,4,4
822,Phil Sheldon,1011369,8,8
823,Phoenix Force,1014318,16,16
824,Photon,1011045,33,27
825,Phyla-Vell,1010741,4,4
826,Piledriver,1010886,6,5
827,Pip,1010762,19,19
828,Pixie,1011179,53,53
829,Plazm,1009498,2,2
830,Polaris,1009499,283,269
831,Post,1009501,13,10
832,Power Pack,1010770,137,137
833,Praxagora,1011151,3,3
834,Preak,1011152,3,3
835,Pretty Boy,1009502,3,2
836,Pride,1011104,10,10
837,Prince of Orphans,1011234,11,11
838,Prism,1009503,5,5
839,Prodigy,1011030,28,28
840,Prodigy (David Alleyne),1014434,12,12
841,Professor X,1009504,435,412
842,Professor X (Ultimate),1010958,16,16
843,Proteus,1009505,16,13
844,Proteus (Ultimate),1010959,5,5
845,Proudstar,1009506,5,5
846,Prowler,1009507,26,25
847,PsyNapse,1009510,4,4
848,Psycho-Man,1009511,14,12
849,Psylocke,1009512,444,419
850,Puck,1009513,76,70
851,Puck (Zuzha Yu),1010962,12,12
852,Puma,1009514,31,30
853,Punisher,1009515,759,750
854,Punisher (2099),1009517,6,6
855,Puppet Master,1009519,42,39
856,Purifiers,1011207,12,12
857,Purple Man,1009520,28,28
858,Pyro,1009522,58,55
859,Quake (Daisy Johnson),1014528,39,39
860,Quasar (Phyla-Vell),1009523,113,106
861,Quasar (Wendell Vaughn),1010778,99,99
862,Quasimodo,1010334,10,9
863,Quentin Quire,1009387,69,69
864,Quicksilver,1009524,382,349
865,Quicksilver (Age of Apocalypse),1010964,4,4
866,Quicksilver (Ultimate),1010963,32,32
867,Rachel Grey,1009430,88,86
868,Radioactive Man,1009526,30,28
869,Rage,1010817,37,31
870,Randall,1009528,7,7
871,Randall Flagg,1011326,1,1
872,Random,1010767,3,2
873,Ravenous,1011154,5,5
874,Rawhide Kid,1010892,125,125
875,Raza,1009531,35,31
876,Reaper,1009532,18,17
877,Reavers,1009533,16,15
878,Reavers (Ultimate),1015000,2,2
879,Red Ghost,1009534,14,10
880,Red Guardian (Alexei Shostakov),1014666,7,7
881,Red Hulk,1011360,99,99
882,Red Hulk (HAS),1017099,1,1
883,Red She-Hulk,1011436,41,41
884,Red Shift,1011155,2,2
885,Red Skull,1009535,177,172
886,Red Wolf,1010837,24,24
887,Redwing,1011390,26,26
888,Reptil,1011376,58,58
889,Retro Girl,1011189,1,1
890,Revanche,1011330,1,1
891,Rhino,1009537,75,74
892,Rhodey,1009702,12,12
893,Rick Jones,1009379,200,195
894,Ricochet,1011348,7,7
895,Rictor,1009542,119,110
896,Riptide,1009543,11,11
897,Risque,1009544,13,11
898,Robbie Robertson,1009545,69,67
899,Rocket Raccoon,1010744,144,144
900,Rocket Racer,1010769,1,1
901,Rockslide,1010692,28,28
902,Rogue,1009546,657,623
903,Rogue (Age of Apocalypse),1010967,9,9
904,Rogue (Ultimate),1010966,36,36
905,Roland Deschain,1010781,10,10
906,Romulus,1011398,23,23
907,Ronan,1010344,58,56
908,Ronin,1010710,16,16
909,Roughhouse,1011117,7,7
910,Roulette,1009549,1,1
911,Rumiko Fujikawa,1009311,8,8
912,Runaways,1010747,141,141
913,S.H.I.E.L.D.,1009552,176,175
914,Sabra,1009553,21,19
915,Sabretooth,1009554,317,297
916,Sabretooth (Age of Apocalypse),1010969,21,21
917,Sabretooth (House of M),1010970,1,1
918,Sabretooth (Ultimate),1010968,23,23
919,Sage,1009555,43,43
920,Salem's Seven (Ultimate),1011325,4,4
921,Sally Floyd,1011126,7,7
922,Salo,1011156,1,1
923,Sandman,1009558,122,114
924,Santa Claus,1010711,2,2
925,Sasquatch (Walter Langkowski),1009560,96,90
926,Satana,1011035,35,35
927,Sauron,1009561,63,59
928,Scalphunter,1011048,26,26
929,Scarecrow (Ebenezer Laughton),1010861,15,15
930,Scarlet Spider (Ben Reilly),1011197,78,78
931,Scarlet Spider (Kaine),1011426,83,83
932,Scarlet Witch,1009562,570,538
933,Scarlet Witch (Ultimate),1010971,29,29
934,Scorpion (Carmilla Black),1010790,9,9
935,Scorpion (Mac Gargan),1009563,37,37
936,Scorpion (Ultimate),1011079,1,1
937,Scourge,1009565,8,8
938,Scrambler,1011230,2,2
939,Scream (Donna Diego),1009566,10,10
940,Screwball,1011242,9,9
941,Sebastian Shaw,1009581,41,40
942,Secret Warriors,1011368,43,43
943,Selene,1009568,27,24
944,Senator Kelly,1009569,1,1
945,Sentinel,1009570,65,58
946,Sentinels,1011323,60,56
947,Sentry (Robert Reynolds),1009571,112,111
948,Ser Duncan,1011167,1,1
949,Serpent Society,1009572,10,10
950,Sersi,1010345,57,49
951,Shadow King,1009573,26,24
952,Shadow King (Age of Apocalypse),1010973,2,2
953,Shadowcat,1009574,15,15
954,Shadowcat (Age of Apocalypse),1010975,10,10
955,Shadowcat (Ultimate),1010974,9,9
956,Shadu the Shady,1011406,1,1
957,Shalla-bal,1009575,11,10
958,Shaman,1009576,48,46
959,Shang-Chi,1009577,263,263
960,Shang-Chi (Ultimate),1015001,8,7
961,Shanna the She-Devil,1009578,75,73
962,Shape,1010712,5,4
963,Shard,1009579,28,27
964,Sharon Carter,1009228,124,123
965,Sharon Ventura,1010895,9,9
966,Shatterstar,1009580,136,121
967,She-Hulk (HAS),1017111,1,1
968,She-Hulk (Jennifer Walters),1009583,530,507
969,She-Hulk (Lyra),1011392,24,23
970,She-Hulk (Ultimate),1011393,2,2
971,Shi'Ar,1011093,18,18
972,Shinobi Shaw,1009582,5,5
973,Shiva,1009584,6,6
974,Shiver Man,1011394,1,1
975,Shocker (Herman Schultz),1009585,37,35
976,Shockwave,1010858,5,5
977,Shooting Star,1010824,1,1
978,Shotgun,1009586,4,4
979,Shriek,1009587,7,7
980,Sif,1009588,173,172
981,Silhouette,1010848,5,4
982,Silk (Cindy Moon),1017815,88,88
983,Silver Fox,1009589,14,14
984,Silver Sable,1009590,79,76
985,Silver Samurai,1009591,39,38
986,Silver Samurai (Age of Apocalypse),1010976,13,13
987,Silver Surfer,1009592,561,538
988,Silverclaw,1010864,21,15
989,Silvermane,1009594,18,18
990,Sin,1010898,56,56
991,Sinister Six,1011265,34,34
992,Sister Grimm,1010745,7,7
993,Skaar,1011223,82,81
994,Skaar (HAS),1017101,1,1
995,Skin,1009598,12,10
996,Skreet,1011157,5,5
997,Skrulls,1009599,156,150
998,Skrulls (Ultimate),1015002,2,1
999,Skullbuster (Cylla Markham),1009600,3,2
1000,Slapstick,1011057,32,32
1001,Slayback,1011070,1,1
1002,Sleeper,1009601,8,8
1003,Sleepwalker,1010761,17,17
1004,Slipstream,1009602,5,5
1005,Slyde,1010874,1,1
1006,Smasher (Vril Rokk),1009603,17,11
1007,Snowbird,1009606,48,46
1008,Solo (James Bourne),1010855,21,21
1009,Songbird,1010693,43,41
1010,Sons of the Tiger,1011373,21,21
1011,Spectrum,1010705,46,46
1012,Speed,1010833,15,15
1013,Speed Demon,1011032,7,7
1014,Speedball (Robert Baldwin),1010694,41,41
1015,Spencer Smythe,1009605,7,7
1016,Spider-Girl (Anya Corazon),1009157,71,71
1017,Spider-Girl (May Parker),1009609,200,196
1018,Spider-Gwen (Gwen Stacy),1017603,155,155
1019,Spider-Ham (Larval Earth),1011347,65,65
1020,Spider-Man (1602),1011054,44,44
1021,Spider-Man (2099),1014873,86,86
1022,Spider-Man (Ai Apaec),1016452,15,15
1023,Spider-Man (Ben Reilly),1014858,66,66
1024,Spider-Man (Marvel Zombies),1011114,8,8
1025,Spider-Man (Miles Morales),1016181,427,427
1026,Spider-Man (Noir),1012295,21,21
1027,Spider-Man (Peter Parker),1009610,4419,4372
1028,Spider-Man (Ultimate),1011010,260,259
1029,Spider-Woman (Charlotte Witter),1010795,13,13
1030,Spider-Woman (Jessica Drew),1009608,330,326
1031,Spider-Woman (Mattie Franklin),1010794,17,17
1032,Spiral (Rita Wayword),1009614,49,43
1033,Spitfire,1010899,29,29
1034,Spot,1009616,25,25
1035,Squadron Sinister,1014905,9,9
1036,Squadron Supreme (Earth-712),1010814,52,50
1037,Squirrel Girl,1010860,124,124
1038,Stacy X,1009618,37,35
1039,Stacy X (Ultimate),1015003,2,2
1040,Star Brand,1011307,31,31
1041,Star-Lord (Peter Quill),1010733,112,111
1042,Starbolt,1009621,9,5
1043,Stardust,1010764,2,2
1044,Starfox,1011084,41,34
1045,Starhawk (Stakar Ogord),1011341,29,29
1046,Starjammers,1011078,33,31
1047,Stature,1010828,32,31
1048,Steel Serpent (Davos),1010889,16,16
1049,Stegron,1012230,6,6
1050,Stellaris,1011159,2,2
1051,Stepford Cuckoos,1009625,43,41
1052,Stephen Strange,1010901,10,10
1053,Steve Rogers,1010326,43,43
1054,Stick,1009626,17,17
1055,Stilt-Man (Wibur Day),1009627,11,10
1056,Stingray (Walter Newell),1009628,33,27
1057,Storm,1009629,884,823
1058,Storm (Age of Apocalypse),1010979,12,12
1059,Storm (Ultimate),1010978,65,64
1060,Stranger,1011062,8,8
1061,Strong Guy,1011051,73,73
1062,Stryfe,1009632,49,47
1063,Sub-Mariner,1010791,588,563
1064,Sue Storm,1009631,41,40
1065,Sugar Man,1011212,4,4
1066,Sumo,1009635,4,4
1067,Sunfire,1009636,90,74
1068,Sunfire (Age of Apocalypse),1010981,7,7
1069,Sunset Bain,1009637,9,9
1070,Sunspot,1009638,208,184
1071,Super Hero Squad,1015280,16,16
1072,Super-Adaptoid,1011022,12,11
1073,Super-Skrull,1009639,32,30
1074,Supernaut,1011232,11,11
1075,Supreme Intelligence,1011160,15,13
1076,Surge,1010695,27,26
1077,Surtur,1011477,15,15
1078,Swarm,1011075,2,2
1079,Sway,1011017,1,1
1080,Switch,1009640,8,8
1081,Sword Master (Sword Master),1017852,26,26
1082,Swordsman,1009641,62,52
1083,Swordsman (Jacques Duquesne),1010982,4,4
1084,Sym,1009642,2,2
1085,Synch,1009643,21,15
1086,T'Challa,1009644,8,8
1087,Tag,1011042,10,10
1088,Talisman (Elizabeth Twoyoungmen),1009646,10,10
1089,Talkback (Chase Stein),1010753,6,6
1090,Talon (Fraternity of Raptors),1011395,1,1
1091,Talos,1011161,1,1
1092,Tana Nile,1011149,6,6
1093,Tarantula (Luis Alvarez),1010713,6,6
1094,Tarantula (Maria Vasquez),1011854,2,2
1095,Tarot,1009647,5,5
1096,Taskmaster,1009648,111,111
1097,Taurus (Cornelius van Lunt),1011896,1,1
1098,Tempest,1009650,23,16
1099,Tenebrous,1011162,2,2
1100,Terrax,1009651,28,22
1101,Terror,1011034,13,13
1102,Texas Twister,1010819,3,3
1103,Thaddeus Ross,1011003,12,12
1104,Thanos,1009652,293,286
1105,Thanos (Ultimate),1015004,5,5
1106,The Anarchist,1009653,2,2
1107,The Collector (Taneleer Tivan),1012080,23,22
1108,The Enforcers,1011294,2,2
1109,The Fury,1011219,1,1
1110,The Hand,1010359,42,42
1111,The Hood,1010715,40,40
1112,The Howling Commandos,1011295,4,4
1113,The Initiative,1010998,18,18
1114,The Liberteens,1011216,1,1
1115,The Order,1011018,18,18
1116,The Professor,1009657,6,6
1117,The Renegades,1011211,2,1
1118,The Stranger,1009660,11,10
1119,The Twelve,1011112,13,13
1120,The Watchers,1009661,17,17
1121,Thena,1011181,19,19
1122,Thing,1009662,962,915
1123,Thing (Ultimate),1010983,49,48
1124,Thor,1009664,1879,1819
1125,Thor (Goddess of Thunder),1017576,58,58
1126,Thor (Ultimate),1011025,54,54
1127,Thor Girl,1010820,16,16
1128,Thunderball,1010885,14,12
1129,Thunderbird (John Proudstar),1009666,33,21
1130,Thunderbird (Neal Shaara),1009667,36,35
1131,Thunderbolt (Bill Carver),1009668,1,1
1132,Thunderbolt Ross,1014812,18,18
1133,Thunderbolts,1010360,290,289
1134,Thundra,1011304,16,16
1135,Tiger Shark,1009669,25,25
1136,Tiger's Beautiful Daughter,1011237,9,9
1137,Tigra (Greer Nelson),1009670,138,130
1138,Tinkerer,1011345,16,16
1139,Tippy Toe,1011960,7,7
1140,Titania,1010669,48,48
1141,Titanium Man (Topolov),1009672,30,28
1142,Toad,1009673,52,40
1143,Toad Men,1009674,2,2
1144,Tombstone,1009675,52,51
1145,Tomorrow Man,1010328,11,11
1146,Tony Stark,1009624,48,46
1147,Toro (Thomas Raymond),1011309,33,33
1148,Toxin,1009676,10,10
1149,Toxin (Eddie Brock),1009692,68,55
1150,Trauma,1010822,19,19
1151,Trevor Fitzroy,1011978,3,3
1152,Triathlon,1010825,41,32
1153,Triton,1010335,65,54
1154,True Believers,1011352,5,5
1155,Turbo,1011047,8,8
1156,Tusk,1009678,6,6
1157,Two-Gun Kid,1010852,135,135
1158,Tyger Tiger,1009679,6,6
1159,Typhoid Mary,1010369,49,49
1160,Tyrannus,1009680,14,14
1161,U-Foes,1011315,5,5
1162,U-Go Girl,1009681,14,14
1163,U.S. Agent,1009682,72,70
1164,Uatu The Watcher,1009683,78,70
1165,Ulik,1010358,46,46
1166,Ultimate Spider-Man (USM),1016825,21,21
1167,Ultimates,1010803,133,132
1168,Ultimatum,1009684,17,17
1169,Ultimo,1011311,7,7
1170,Ultra-Adaptoid,1011125,1,1
1171,Ultragirl (Earth-93060),1010847,1,1
1172,Ultron,1009685,118,110
1173,Umar,1009686,21,21
1174,Unicorn,1010862,7,7
1175,Union Jack (Brian Falsworth),1010985,4,4
1176,Union Jack (Joseph Chapman),1010696,26,26
1177,Union Jack (Montgomery Falsworth),1010984,19,19
1178,Unus,1009687,12,8
1179,Valeria Richards,1009525,80,79
1180,Valkyrie (Exiles),1017841,12,12
1181,Valkyrie (Samantha Parrington),1010350,17,15
1182,Valkyrie (Ultimate),1011239,9,8
1183,Vance Astro,1011342,31,31
1184,Vanisher (Telford Porter),1011365,12,12
1185,Vanisher (Ultimate),1009689,3,3
1186,Vargas,1009690,15,15
1187,Veda,1011231,11,11
1188,Vengeance (Michael Badilino),1009691,37,37
1189,Venom (Flash Thompson),1009663,120,119
1190,Venom (Mac Gargan),1010788,24,24
1191,Venom (Ultimate),1011128,8,7
1192,Venus (Siren),1011106,8,8
1193,Venus Dee Milo,1009693,10,10
1194,Vermin (Edward Whelan),1010353,15,15
1195,Vertigo (Savage Land Mutate),1009694,28,27
1196,Victor Mancha,1011066,9,8
1197,Victor Von Doom,1010324,39,39
1198,Vin Gonzales,1011261,4,4
1199,Vindicator,1009695,30,29
1200,Viper,1009696,49,46
1201,Virginia Dare,1010697,7,7
1202,Vision,1009697,568,526
1203,Vivisector,1009698,16,16
1204,Vulcan (Gabriel Summers),1011011,25,25
1205,Vulture (Adrian Toomes),1009699,102,97
1206,Vulture (Blackie Drago),1010990,1,1
1207,Wallflower,1010849,10,10
1208,War (Abraham Kieros),1009701,13,9
1209,War Machine (James Rhodes),1017834,112,112
1210,War Machine (Parnell Jacobs),1010991,1,1
1211,War Machine (Ultimate),1011226,3,3
1212,Warbird,1009703,32,31
1213,Warbound,1011121,5,5
1214,Warhawk (Mitchell Tanner),1010372,8,7
1215,Warlock (Technarchy),1011287,29,29
1216,Warpath,1009705,217,197
1217,Warren Worthington III,1010668,6,6
1218,Warstar,1009706,9,4
1219,Wasp,1009707,431,383
1220,Wasp (Ultimate),1010992,28,27
1221,Wave (Wave),1017853,16,16
1222,Weapon Omega,1011133,9,7
1223,Weapon X,1009709,47,45
1224,Wendell Rand,1011402,6,6
1225,Wendigo,1009710,22,22
1226,Werewolf By Night,1010765,95,95
1227,Whiplash (Anton Vanko),1011588,5,5
1228,Whiplash (Mark Scarlotti),1009711,12,12
1229,Whirlwind,1010348,33,25
1230,White Tiger (Angela Del Toro),1010853,51,51
1231,Whizzer (Stanley Stewart),1011425,2,2
1232,Wiccan,1009714,79,78
1233,Wild Child,1009715,49,43
1234,Wild Child (Age of Apocalypse),1010994,8,8
1235,Wild Pack,1011067,8,8
1236,Wildside,1009716,19,18
1237,William Stryker,1009633,11,9
1238,Wind Dancer,1011009,15,15
1239,Winter Soldier,1010740,225,219
1240,Wither,1011043,12,12
1241,Wolfpack,1011281,14,14
1242,Wolfsbane,1009717,137,134
1243,Wolfsbane (Age of Apocalypse),1010995,1,1
1244,Wolverine,1009718,2649,2538
1245,Wolverine (Ultimate),1011006,98,95
1246,Wonder Man,1009719,266,240
1247,Wong,1009720,106,103
1248,Wong (Ultimate),1015005,3,2
1249,Wraith,1010737,15,15
1250,Wrecker,1010884,12,11
1251,Wrecking Crew,1010883,15,15
1252,X-23,1009722,260,259
1253,X-Babies,1011418,14,14
1254,X-Cutioner,1009723,4,4
1255,X-Factor,1010738,216,209
1256,X-Factor Investigations,1010739,14,14
1257,X-Force,1009724,349,344
1258,X-Man,1009725,111,92
1259,X-Men,1009726,3936,3843
1260,X-Men (Ultimate),1011109,188,187
1261,X-Statix,1010806,46,46
1262,Xavin,1011094,8,8
1263,Xorn (Kuan-Yin Xorn),1009734,22,20
1264,Yellow Claw,1009736,22,22
1265,Yellowjacket (Hank Pym),1009737,90,86
1266,Yellowjacket (Rita DeMara),1010996,9,9
1267,Yondu,1011542,50,50
1268,Young Avengers,1010698,81,79
1269,Young X-Men,1011277,18,18
1270,Zaladane,1009738,15,10
1271,Zaran,1010841,22,22
1272,Zarda,1010716,3,3
1273,Zemo,1010780,15,14
1274,Zeus,1011515,36,36
1275,Zodiak,1011127,1,1
1276,Zombie (Simon Garth),1009741,1,1
1277,Zuras,1011183,3,3
1278,Zzzax,1009742,5,5
